,AO_NUMBER,deal_time,NEXT_AOS,type,worker,no,constraints,position_con,con
0,150A101ZF3201,2.0,2,机械,4,0,"0,4,0","0,0,0,0,0,0,0,0,0,0,0,0,0,0,0,0,4","0,4,0,0,0,0,0,0,0,0,0,0,0,0,0,0,0,0,0,4"
1,150A101ZF3202,2.0,0,机械,12,1,"0,12,0","0,0,0,0,0,0,0,0,0,0,0,0,0,0,0,0,12","0,12,0,0,0,0,0,0,0,0,0,0,0,0,0,0,0,0,0,12"
2,150A101ZF3203,1.0,"11,4,3,13,8,9,29,22,87,47,76,77,79,80,82,83",机械,12,2,"0,12,0","0,0,0,0,0,0,0,0,0,0,0,0,0,0,0,0,12","0,12,0,0,0,0,0,0,0,0,0,0,0,0,0,0,0,0,0,12"
3,150A102AA0010,5.0,5,特设,2,3,"0,0,2","2,0,0,0,0,0,0,0,0,0,0,0,0,0,0,0,0","0,0,2,2,0,0,0,0,0,0,0,0,0,0,0,0,0,0,0,0"
4,150A102AA0050,5.0,14,机械,2,4,"0,2,0","2,0,0,0,0,0,0,0,0,0,0,0,0,0,0,0,0","0,2,0,2,0,0,0,0,0,0,0,0,0,0,0,0,0,0,0,0"
5,150A102AE0020,3.0,12,特设,3,5,"0,0,3","3,0,0,0,0,0,0,0,0,0,0,0,0,0,0,0,0","0,0,3,3,0,0,0,0,0,0,0,0,0,0,0,0,0,0,0,0"
6,150A102AE0050,4.0,,特设,2,6,"0,0,2","2,0,0,0,0,0,0,0,0,0,0,0,0,0,0,0,0","0,0,2,2,0,0,0,0,0,0,0,0,0,0,0,0,0,0,0,0"
7,150A102AE0060,4.0,,特设,2,7,"0,0,2","2,0,0,0,0,0,0,0,0,0,0,0,0,0,0,0,0","0,0,2,2,0,0,0,0,0,0,0,0,0,0,0,0,0,0,0,0"
8,150A102AL0010,2.0,6,结构,2,8,"2,0,0","2,0,0,0,0,0,0,0,0,0,0,0,0,0,0,0,0","2,0,0,2,0,0,0,0,0,0,0,0,0,0,0,0,0,0,0,0"
9,150A102AL0020,2.0,6,结构,2,9,"2,0,0","2,0,0,0,0,0,0,0,0,0,0,0,0,0,0,0,0","2,0,0,2,0,0,0,0,0,0,0,0,0,0,0,0,0,0,0,0"
10,150A102AL0030,4.0,17,结构,2,10,"2,0,0","2,0,0,0,0,0,0,0,0,0,0,0,0,0,0,0,0","2,0,0,2,0,0,0,0,0,0,0,0,0,0,0,0,0,0,0,0"
11,150A102AS0010,4.0,10,结构,2,11,"2,0,0","2,0,0,0,0,0,0,0,0,0,0,0,0,0,0,0,0","2,0,0,2,0,0,0,0,0,0,0,0,0,0,0,0,0,0,0,0"
12,150A102AS0030,6.0,,结构,3,12,"3,0,0","3,0,0,0,0,0,0,0,0,0,0,0,0,0,0,0,0","3,0,0,3,0,0,0,0,0,0,0,0,0,0,0,0,0,0,0,0"
13,150A102AS0040,5.0,"11,15",结构,2,13,"2,0,0","2,0,0,0,0,0,0,0,0,0,0,0,0,0,0,0,0","2,0,0,2,0,0,0,0,0,0,0,0,0,0,0,0,0,0,0,0"
14,150A102AS0050,8.0,,机械,2,14,"0,2,0","2,0,0,0,0,0,0,0,0,0,0,0,0,0,0,0,0","0,2,0,2,0,0,0,0,0,0,0,0,0,0,0,0,0,0,0,0"
15,150A102AS0060,6.0,16,结构,3,15,"3,0,0","3,0,0,0,0,0,0,0,0,0,0,0,0,0,0,0,0","3,0,0,3,0,0,0,0,0,0,0,0,0,0,0,0,0,0,0,0"
16,150A102AS0070,2.0,7,特设,3,16,"0,0,3","3,0,0,0,0,0,0,0,0,0,0,0,0,0,0,0,0","0,0,3,3,0,0,0,0,0,0,0,0,0,0,0,0,0,0,0,0"
17,150A102AS0080,3.0,"18,31",结构,2,17,"2,0,0","2,0,0,0,0,0,0,0,0,0,0,0,0,0,0,0,0","2,0,0,2,0,0,0,0,0,0,0,0,0,0,0,0,0,0,0,0"
18,150A102AW0010,3.0,"35,36,37",特设,3,18,"0,0,3","3,0,0,0,0,0,0,0,0,0,0,0,0,0,0,0,0","0,0,3,3,0,0,0,0,0,0,0,0,0,0,0,0,0,0,0,0"
19,150A102EA0020,4.0,23,特设,2,19,"0,0,2","0,0,0,0,2,0,0,0,0,0,0,0,0,0,0,0,0","0,0,2,0,0,0,0,2,0,0,0,0,0,0,0,0,0,0,0,0"
20,150A102EA0025,4.0,23,特设,2,20,"0,0,2","0,0,0,0,2,0,0,0,0,0,0,0,0,0,0,0,0","0,0,2,0,0,0,0,2,0,0,0,0,0,0,0,0,0,0,0,0"
21,150A102EA0030,4.0,"19,20",特设,4,21,"0,0,4","0,0,0,0,4,0,0,0,0,0,0,0,0,0,0,0,0","0,0,4,0,0,0,0,4,0,0,0,0,0,0,0,0,0,0,0,0"
22,150A102EE0460,1.0,"26,27",特设,2,22,"0,0,2","0,0,0,0,2,0,0,0,0,0,0,0,0,0,0,0,0","0,0,2,0,0,0,0,2,0,0,0,0,0,0,0,0,0,0,0,0"
23,150A102EH0060,8.0,24,机械,3,23,"0,3,0","0,0,0,0,3,0,0,0,0,0,0,0,0,0,0,0,0","0,3,0,0,0,0,0,3,0,0,0,0,0,0,0,0,0,0,0,0"
24,150A102EH0070,8.0,25,机械,3,24,"0,3,0","0,0,0,0,3,0,0,0,0,0,0,0,0,0,0,0,0","0,3,0,0,0,0,0,3,0,0,0,0,0,0,0,0,0,0,0,0"
25,150A102EH0160,8.0,,机械,3,25,"0,3,0","0,0,0,0,3,0,0,0,0,0,0,0,0,0,0,0,0","0,3,0,0,0,0,0,3,0,0,0,0,0,0,0,0,0,0,0,0"
26,150A102EW0010,12.0,21,特设,2,26,"0,0,2","0,0,0,0,2,0,0,0,0,0,0,0,0,0,0,0,0","0,0,2,0,0,0,0,2,0,0,0,0,0,0,0,0,0,0,0,0"
27,150A102EW0015,12.0,21,特设,2,27,"0,0,2","0,0,0,0,2,0,0,0,0,0,0,0,0,0,0,0,0","0,0,2,0,0,0,0,2,0,0,0,0,0,0,0,0,0,0,0,0"
28,150A102MA0010,5.0,,特设,2,28,"0,0,2","0,0,0,0,0,0,0,0,0,0,0,2,0,0,0,0,0","0,0,2,0,0,0,0,0,0,0,0,0,0,0,2,0,0,0,0,0"
29,150A102MA0020,5.0,28,特设,1,29,"0,0,1","0,0,0,0,0,0,0,0,0,0,0,1,0,0,0,0,0","0,0,1,0,0,0,0,0,0,0,0,0,0,0,1,0,0,0,0,0"
30,150A102SA0020,3.0,33,特设,2,30,"0,0,2","0,0,0,0,0,0,0,0,0,0,0,0,0,0,0,2,0","0,0,2,0,0,0,0,0,0,0,0,0,0,0,0,0,0,0,2,0"
31,150A102SA0050,1.0,"35,36,37",特设,2,31,"0,0,2","0,0,0,0,0,0,0,0,0,0,0,0,0,0,0,2,0","0,0,2,0,0,0,0,0,0,0,0,0,0,0,0,0,0,0,2,0"
32,150A102SE0010,2.0,,特设,2,32,"0,0,2","0,0,0,0,0,0,0,0,0,0,0,0,0,0,0,2,0","0,0,2,0,0,0,0,0,0,0,0,0,0,0,0,0,0,0,2,0"
33,150A102SE0020,3.0,32,特设,2,33,"0,0,2","0,0,0,0,0,0,0,0,0,0,0,0,0,0,0,2,0","0,0,2,0,0,0,0,0,0,0,0,0,0,0,0,0,0,0,2,0"
34,150A102SE0030,4.0,30,特设,2,34,"0,0,2","0,0,0,0,0,0,0,0,0,0,0,0,0,0,0,2,0","0,0,2,0,0,0,0,0,0,0,0,0,0,0,0,0,0,0,2,0"
35,150A102SW0010,4.0,34,特设,2,35,"0,0,2","0,0,0,0,0,0,0,0,0,0,0,0,0,0,0,2,0","0,0,2,0,0,0,0,0,0,0,0,0,0,0,0,0,0,0,2,0"
36,150A102SW0020,4.0,34,特设,2,36,"0,0,2","0,0,0,0,0,0,0,0,0,0,0,0,0,0,0,2,0","0,0,2,0,0,0,0,0,0,0,0,0,0,0,0,0,0,0,2,0"
37,150A102SW0030,4.0,34,特设,2,37,"0,0,2","0,0,0,0,0,0,0,0,0,0,0,0,0,0,0,2,0","0,0,2,0,0,0,0,0,0,0,0,0,0,0,0,0,0,0,2,0"
38,150A103BA0010,4.0,49,特设,2,38,"0,0,2","0,2,0,0,0,0,0,0,0,0,0,0,0,0,0,0,0","0,0,2,0,2,0,0,0,0,0,0,0,0,0,0,0,0,0,0,0"
39,150A103BB0010,8.0,49,结构,8,39,"8,0,0","0,8,0,0,0,0,0,0,0,0,0,0,0,0,0,0,0","8,0,0,0,8,0,0,0,0,0,0,0,0,0,0,0,0,0,0,0"
40,150A103BB0020,8.0,"42,43,50,54,55,57,61,62,63,64,45,69,65",结构,3,40,"3,0,0","0,3,0,0,0,0,0,0,0,0,0,0,0,0,0,0,0","3,0,0,0,3,0,0,0,0,0,0,0,0,0,0,0,0,0,0,0"
41,150A103BB0030,8.0,,结构,4,41,"4,0,0","0,4,0,0,0,0,0,0,0,0,0,0,0,0,0,0,0","4,0,0,0,4,0,0,0,0,0,0,0,0,0,0,0,0,0,0,0"
42,150A103BB0060,8.0,41,结构,4,42,"4,0,0","0,4,0,0,0,0,0,0,0,0,0,0,0,0,0,0,0","4,0,0,0,4,0,0,0,0,0,0,0,0,0,0,0,0,0,0,0"
43,150A103BB0070,8.0,41,结构,4,43,"4,0,0","0,4,0,0,0,0,0,0,0,0,0,0,0,0,0,0,0","4,0,0,0,4,0,0,0,0,0,0,0,0,0,0,0,0,0,0,0"
44,150A103BB0150,8.0,"39,91,92,93,94,95,96,38,88,89,90,58,59,60,46",结构,2,44,"2,0,0","0,2,0,0,0,0,0,0,0,0,0,0,0,0,0,0,0","2,0,0,0,2,0,0,0,0,0,0,0,0,0,0,0,0,0,0,0"
45,150A103BD0040,8.0,,机械,4,45,"0,4,0","0,4,0,0,0,0,0,0,0,0,0,0,0,0,0,0,0","0,4,0,0,4,0,0,0,0,0,0,0,0,0,0,0,0,0,0,0"
46,150A103BD0050,8.0,49,机械,4,46,"0,4,0","0,4,0,0,0,0,0,0,0,0,0,0,0,0,0,0,0","0,4,0,0,4,0,0,0,0,0,0,0,0,0,0,0,0,0,0,0"
47,150A103BD0070,5.0,"73,74",机械,3,47,"0,3,0","0,3,0,0,0,0,0,0,0,0,0,0,0,0,0,0,0","0,3,0,0,3,0,0,0,0,0,0,0,0,0,0,0,0,0,0,0"
48,150A103BD0080,8.0,"42,43,50,54,55,57,61,62,63,64,45,69,65",机械,2,48,"0,2,0","0,2,0,0,0,0,0,0,0,0,0,0,0,0,0,0,0","0,2,0,0,2,0,0,0,0,0,0,0,0,0,0,0,0,0,0,0"
49,150A103BD0100,8.0,"40,51,52,53,56,66,67,68,97,98,99,48",机械,4,49,"0,4,0","0,4,0,0,0,0,0,0,0,0,0,0,0,0,0,0,0","0,4,0,0,4,0,0,0,0,0,0,0,0,0,0,0,0,0,0,0"
50,150A103BE1010,4.0,41,特设,2,50,"0,0,2","0,2,0,0,0,0,0,0,0,0,0,0,0,0,0,0,0","0,0,2,0,2,0,0,0,0,0,0,0,0,0,0,0,0,0,0,0"
51,150A103BE1020,2.0,"42,43,50,54,55,57,61,62,63,64,45,69,65",特设,2,51,"0,0,2","0,2,0,0,0,0,0,0,0,0,0,0,0,0,0,0,0","0,0,2,0,2,0,0,0,0,0,0,0,0,0,0,0,0,0,0,0"
52,150A103BE1030,2.0,"42,43,50,54,55,57,61,62,63,64,45,69,65",特设,2,52,"0,0,2","0,2,0,0,0,0,0,0,0,0,0,0,0,0,0,0,0","0,0,2,0,2,0,0,0,0,0,0,0,0,0,0,0,0,0,0,0"
53,150A103BE2010,2.0,"42,43,50,54,55,57,61,62,63,64,45,69,65",特设,2,53,"0,0,2","0,2,0,0,0,0,0,0,0,0,0,0,0,0,0,0,0","0,0,2,0,2,0,0,0,0,0,0,0,0,0,0,0,0,0,0,0"
54,150A103BE2020,4.0,41,特设,2,54,"0,0,2","0,2,0,0,0,0,0,0,0,0,0,0,0,0,0,0,0","0,0,2,0,2,0,0,0,0,0,0,0,0,0,0,0,0,0,0,0"
55,150A103BE2025,8.0,41,特设,2,55,"0,0,2","0,2,0,0,0,0,0,0,0,0,0,0,0,0,0,0,0","0,0,2,0,2,0,0,0,0,0,0,0,0,0,0,0,0,0,0,0"
56,150A103BE2030,2.0,"42,43,50,54,55,57,61,62,63,64,45,69,65",特设,2,56,"0,0,2","0,2,0,0,0,0,0,0,0,0,0,0,0,0,0,0,0","0,0,2,0,2,0,0,0,0,0,0,0,0,0,0,0,0,0,0,0"
57,150A103BE2040,1.0,41,特设,2,57,"0,0,2","0,2,0,0,0,0,0,0,0,0,0,0,0,0,0,0,0","0,0,2,0,2,0,0,0,0,0,0,0,0,0,0,0,0,0,0,0"
58,150A103BE2070,2.0,49,特设,2,58,"0,0,2","0,2,0,0,0,0,0,0,0,0,0,0,0,0,0,0,0","0,0,2,0,2,0,0,0,0,0,0,0,0,0,0,0,0,0,0,0"
59,150A103BE2080,2.0,49,特设,2,59,"0,0,2","0,2,0,0,0,0,0,0,0,0,0,0,0,0,0,0,0","0,0,2,0,2,0,0,0,0,0,0,0,0,0,0,0,0,0,0,0"
60,150A103BE2090,2.0,49,特设,2,60,"0,0,2","0,2,0,0,0,0,0,0,0,0,0,0,0,0,0,0,0","0,0,2,0,2,0,0,0,0,0,0,0,0,0,0,0,0,0,0,0"
61,150A103BE2100,1.0,41,特设,2,61,"0,0,2","0,2,0,0,0,0,0,0,0,0,0,0,0,0,0,0,0","0,0,2,0,2,0,0,0,0,0,0,0,0,0,0,0,0,0,0,0"
62,150A103BE2110,1.0,41,特设,2,62,"0,0,2","0,2,0,0,0,0,0,0,0,0,0,0,0,0,0,0,0","0,0,2,0,2,0,0,0,0,0,0,0,0,0,0,0,0,0,0,0"
63,150A103BE2120,2.0,41,特设,2,63,"0,0,2","0,2,0,0,0,0,0,0,0,0,0,0,0,0,0,0,0","0,0,2,0,2,0,0,0,0,0,0,0,0,0,0,0,0,0,0,0"
64,150A103BE2130.01,4.0,41,特设,2,64,"0,0,2","0,2,0,0,0,0,0,0,0,0,0,0,0,0,0,0,0","0,0,2,0,2,0,0,0,0,0,0,0,0,0,0,0,0,0,0,0"
65,150A103BE2140,3.0,41,特设,2,65,"0,0,2","0,2,0,0,0,0,0,0,0,0,0,0,0,0,0,0,0","0,0,2,0,2,0,0,0,0,0,0,0,0,0,0,0,0,0,0,0"
66,150A103BE3010,2.0,"42,43,50,54,55,57,61,62,63,64,45,69,65",特设,2,66,"0,0,2","0,2,0,0,0,0,0,0,0,0,0,0,0,0,0,0,0","0,0,2,0,2,0,0,0,0,0,0,0,0,0,0,0,0,0,0,0"
67,150A103BE3020,2.0,"42,43,50,54,55,57,61,62,63,64,45,69,65",特设,2,67,"0,0,2","0,2,0,0,0,0,0,0,0,0,0,0,0,0,0,0,0","0,0,2,0,2,0,0,0,0,0,0,0,0,0,0,0,0,0,0,0"
68,150A103BE3030,2.0,"42,43,50,54,55,57,61,62,63,64,45,69,65",特设,2,68,"0,0,2","0,2,0,0,0,0,0,0,0,0,0,0,0,0,0,0,0","0,0,2,0,2,0,0,0,0,0,0,0,0,0,0,0,0,0,0,0"
69,150A103BK0010,3.0,,机械,4,69,"0,4,0","0,4,0,0,0,0,0,0,0,0,0,0,0,0,0,0,0","0,4,0,0,4,0,0,0,0,0,0,0,0,0,0,0,0,0,0,0"
70,150A103BL0010,2.0,"39,91,92,93,94,95,96,38,88,89,90,58,59,60,46",结构,2,70,"2,0,0","0,2,0,0,0,0,0,0,0,0,0,0,0,0,0,0,0","2,0,0,0,2,0,0,0,0,0,0,0,0,0,0,0,0,0,0,0"
71,150A103BL0015,2.0,"39,91,92,93,94,95,96,38,88,89,90,58,59,60,46",结构,2,71,"2,0,0","0,2,0,0,0,0,0,0,0,0,0,0,0,0,0,0,0","2,0,0,0,2,0,0,0,0,0,0,0,0,0,0,0,0,0,0,0"
72,150A103BL0020,2.0,"39,91,92,93,94,95,96,38,88,89,90,58,59,60,46",结构,3,72,"3,0,0","0,3,0,0,0,0,0,0,0,0,0,0,0,0,0,0,0","3,0,0,0,3,0,0,0,0,0,0,0,0,0,0,0,0,0,0,0"
73,150A103BL0030,6.0,"44,70,71,72,75,78,81,84,85,86",结构,4,73,"4,0,0","0,4,0,0,0,0,0,0,0,0,0,0,0,0,0,0,0","4,0,0,0,4,0,0,0,0,0,0,0,0,0,0,0,0,0,0,0"
74,150A103BL0040,3.0,"44,70,71,72,75,78,81,84,85,86",结构,2,74,"2,0,0","0,2,0,0,0,0,0,0,0,0,0,0,0,0,0,0,0","2,0,0,0,2,0,0,0,0,0,0,0,0,0,0,0,0,0,0,0"
75,150A103BL0050,4.0,"39,91,92,93,94,95,96,38,88,89,90,58,59,60,46",结构,3,75,"3,0,0","0,3,0,0,0,0,0,0,0,0,0,0,0,0,0,0,0","3,0,0,0,3,0,0,0,0,0,0,0,0,0,0,0,0,0,0,0"
76,150A103BL0060,5.0,"73,74",结构,3,76,"3,0,0","0,3,0,0,0,0,0,0,0,0,0,0,0,0,0,0,0","3,0,0,0,3,0,0,0,0,0,0,0,0,0,0,0,0,0,0,0"
77,150A103BL0070,5.0,"73,74",结构,3,77,"3,0,0","0,3,0,0,0,0,0,0,0,0,0,0,0,0,0,0,0","3,0,0,0,3,0,0,0,0,0,0,0,0,0,0,0,0,0,0,0"
78,150A103BL0080,4.0,"39,91,92,93,94,95,96,38,88,89,90,58,59,60,46",结构,3,78,"3,0,0","0,3,0,0,0,0,0,0,0,0,0,0,0,0,0,0,0","3,0,0,0,3,0,0,0,0,0,0,0,0,0,0,0,0,0,0,0"
79,150A103BL0090,4.0,"73,74",结构,3,79,"3,0,0","0,3,0,0,0,0,0,0,0,0,0,0,0,0,0,0,0","3,0,0,0,3,0,0,0,0,0,0,0,0,0,0,0,0,0,0,0"
80,150A103BL0100,4.0,"73,74",结构,3,80,"3,0,0","0,3,0,0,0,0,0,0,0,0,0,0,0,0,0,0,0","3,0,0,0,3,0,0,0,0,0,0,0,0,0,0,0,0,0,0,0"
81,150A103BL0110,4.0,"39,91,92,93,94,95,96,38,88,89,90,58,59,60,46",结构,3,81,"3,0,0","0,3,0,0,0,0,0,0,0,0,0,0,0,0,0,0,0","3,0,0,0,3,0,0,0,0,0,0,0,0,0,0,0,0,0,0,0"
82,150A103BL0120,4.0,"73,74",结构,3,82,"3,0,0","0,3,0,0,0,0,0,0,0,0,0,0,0,0,0,0,0","3,0,0,0,3,0,0,0,0,0,0,0,0,0,0,0,0,0,0,0"
83,150A103BL0130,4.0,"73,74",结构,3,83,"3,0,0","0,3,0,0,0,0,0,0,0,0,0,0,0,0,0,0,0","3,0,0,0,3,0,0,0,0,0,0,0,0,0,0,0,0,0,0,0"
84,150A103BL0140,4.0,"39,91,92,93,94,95,96,38,88,89,90,58,59,60,46",结构,2,84,"2,0,0","0,2,0,0,0,0,0,0,0,0,0,0,0,0,0,0,0","2,0,0,0,2,0,0,0,0,0,0,0,0,0,0,0,0,0,0,0"
85,150A103BL0150,2.0,"39,91,92,93,94,95,96,38,88,89,90,58,59,60,46",结构,2,85,"2,0,0","0,2,0,0,0,0,0,0,0,0,0,0,0,0,0,0,0","2,0,0,0,2,0,0,0,0,0,0,0,0,0,0,0,0,0,0,0"
86,150A103BL0160,2.0,"39,91,92,93,94,95,96,38,88,89,90,58,59,60,46",结构,2,86,"2,0,0","0,2,0,0,0,0,0,0,0,0,0,0,0,0,0,0,0","2,0,0,0,2,0,0,0,0,0,0,0,0,0,0,0,0,0,0,0"
87,150A103BW0010,1.0,"73,74",特设,2,87,"0,0,2","0,2,0,0,0,0,0,0,0,0,0,0,0,0,0,0,0","0,0,2,0,2,0,0,0,0,0,0,0,0,0,0,0,0,0,0,0"
88,150A103BW0020,2.0,49,特设,2,88,"0,0,2","0,2,0,0,0,0,0,0,0,0,0,0,0,0,0,0,0","0,0,2,0,2,0,0,0,0,0,0,0,0,0,0,0,0,0,0,0"
89,150A103BW0030,2.0,49,特设,2,89,"0,0,2","0,2,0,0,0,0,0,0,0,0,0,0,0,0,0,0,0","0,0,2,0,2,0,0,0,0,0,0,0,0,0,0,0,0,0,0,0"
90,150A103BW0040,2.0,49,特设,2,90,"0,0,2","0,2,0,0,0,0,0,0,0,0,0,0,0,0,0,0,0","0,0,2,0,2,0,0,0,0,0,0,0,0,0,0,0,0,0,0,0"
91,150A103BW1010,4.0,49,特设,3,91,"0,0,3","0,3,0,0,0,0,0,0,0,0,0,0,0,0,0,0,0","0,0,3,0,3,0,0,0,0,0,0,0,0,0,0,0,0,0,0,0"
92,150A103BW1020,4.0,49,特设,3,92,"0,0,3","0,3,0,0,0,0,0,0,0,0,0,0,0,0,0,0,0","0,0,3,0,3,0,0,0,0,0,0,0,0,0,0,0,0,0,0,0"
93,150A103BW1030,4.0,49,特设,3,93,"0,0,3","0,3,0,0,0,0,0,0,0,0,0,0,0,0,0,0,0","0,0,3,0,3,0,0,0,0,0,0,0,0,0,0,0,0,0,0,0"
94,150A103BW1040,4.0,49,特设,3,94,"0,0,3","0,3,0,0,0,0,0,0,0,0,0,0,0,0,0,0,0","0,0,3,0,3,0,0,0,0,0,0,0,0,0,0,0,0,0,0,0"
95,150A103BW1050,4.0,49,特设,3,95,"0,0,3","0,3,0,0,0,0,0,0,0,0,0,0,0,0,0,0,0","0,0,3,0,3,0,0,0,0,0,0,0,0,0,0,0,0,0,0,0"
96,150A103BW1060,2.0,49,特设,3,96,"0,0,3","0,3,0,0,0,0,0,0,0,0,0,0,0,0,0,0,0","0,0,3,0,3,0,0,0,0,0,0,0,0,0,0,0,0,0,0,0"
97,150A103BW1070,4.0,"42,43,50,54,55,57,61,62,63,64,45,69,65",特设,2,97,"0,0,2","0,2,0,0,0,0,0,0,0,0,0,0,0,0,0,0,0","0,0,2,0,2,0,0,0,0,0,0,0,0,0,0,0,0,0,0,0"
98,150A103BW1080,4.0,"42,43,50,54,55,57,61,62,63,64,45,69,65",特设,2,98,"0,0,2","0,2,0,0,0,0,0,0,0,0,0,0,0,0,0,0,0","0,0,2,0,2,0,0,0,0,0,0,0,0,0,0,0,0,0,0,0"
99,150A103BW1090,4.0,"42,43,50,54,55,57,61,62,63,64,45,69,65",特设,2,99,"0,0,2","0,2,0,0,0,0,0,0,0,0,0,0,0,0,0,0,0","0,0,2,0,2,0,0,0,0,0,0,0,0,0,0,0,0,0,0,0"
100,150A103BW2010,4.0,49,特设,3,100,"0,0,3","0,3,0,0,0,0,0,0,0,0,0,0,0,0,0,0,0","0,0,3,0,3,0,0,0,0,0,0,0,0,0,0,0,0,0,0,0"
101,150A103BW2015,4.0,49,特设,3,101,"0,0,3","0,3,0,0,0,0,0,0,0,0,0,0,0,0,0,0,0","0,0,3,0,3,0,0,0,0,0,0,0,0,0,0,0,0,0,0,0"
102,150A103BW2020,4.0,49,特设,3,102,"0,0,3","0,3,0,0,0,0,0,0,0,0,0,0,0,0,0,0,0","0,0,3,0,3,0,0,0,0,0,0,0,0,0,0,0,0,0,0,0"
103,150A103BW2030,4.0,49,特设,3,103,"0,0,3","0,3,0,0,0,0,0,0,0,0,0,0,0,0,0,0,0","0,0,3,0,3,0,0,0,0,0,0,0,0,0,0,0,0,0,0,0"
104,150A103BW2040,4.0,49,特设,3,104,"0,0,3","0,3,0,0,0,0,0,0,0,0,0,0,0,0,0,0,0","0,0,3,0,3,0,0,0,0,0,0,0,0,0,0,0,0,0,0,0"
105,150A103BW2050,4.0,49,特设,2,105,"0,0,2","0,2,0,0,0,0,0,0,0,0,0,0,0,0,0,0,0","0,0,2,0,2,0,0,0,0,0,0,0,0,0,0,0,0,0,0,0"
106,150A103BW2060,2.0,49,特设,3,106,"0,0,3","0,3,0,0,0,0,0,0,0,0,0,0,0,0,0,0,0","0,0,3,0,3,0,0,0,0,0,0,0,0,0,0,0,0,0,0,0"
107,150A103BW2070,4.0,"42,43,50,54,55,57,61,62,63,64,45,69,65",特设,2,107,"0,0,2","0,2,0,0,0,0,0,0,0,0,0,0,0,0,0,0,0","0,0,2,0,2,0,0,0,0,0,0,0,0,0,0,0,0,0,0,0"
108,150A103BW2080,4.0,"42,43,50,54,55,57,61,62,63,64,45,69,65",特设,2,108,"0,0,2","0,2,0,0,0,0,0,0,0,0,0,0,0,0,0,0,0","0,0,2,0,2,0,0,0,0,0,0,0,0,0,0,0,0,0,0,0"
109,150A103BW2090,4.0,"42,43,50,54,55,57,61,62,63,64,45,69,65",特设,2,109,"0,0,2","0,2,0,0,0,0,0,0,0,0,0,0,0,0,0,0,0","0,0,2,0,2,0,0,0,0,0,0,0,0,0,0,0,0,0,0,0"
110,150A103BW3010,8.0,"42,43,50,54,55,57,61,62,63,64,45,69,65",特设,2,110,"0,0,2","0,2,0,0,0,0,0,0,0,0,0,0,0,0,0,0,0","0,0,2,0,2,0,0,0,0,0,0,0,0,0,0,0,0,0,0,0"
111,150A103BW3020.01,4.0,,特设,2,111,"0,0,2","0,2,0,0,0,0,0,0,0,0,0,0,0,0,0,0,0","0,0,2,0,2,0,0,0,0,0,0,0,0,0,0,0,0,0,0,0"
112,150A104CB0020,5.0,,结构,4,112,"4,0,0","0,0,4,0,0,0,0,0,0,0,0,0,0,0,0,0,0","4,0,0,0,0,4,0,0,0,0,0,0,0,0,0,0,0,0,0,0"
113,150A104CB0030,4.0,,结构,4,113,"4,0,0","0,0,4,0,0,0,0,0,0,0,0,0,0,0,0,0,0","4,0,0,0,0,4,0,0,0,0,0,0,0,0,0,0,0,0,0,0"
114,150A104CB0040,3.0,,结构,4,114,"4,0,0","0,0,4,0,0,0,0,0,0,0,0,0,0,0,0,0,0","4,0,0,0,0,4,0,0,0,0,0,0,0,0,0,0,0,0,0,0"
115,150A104CB0050,3.0,,结构,4,115,"4,0,0","0,0,4,0,0,0,0,0,0,0,0,0,0,0,0,0,0","4,0,0,0,0,4,0,0,0,0,0,0,0,0,0,0,0,0,0,0"
116,150A104CB0060,4.0,,结构,2,116,"2,0,0","0,0,2,0,0,0,0,0,0,0,0,0,0,0,0,0,0","2,0,0,0,0,2,0,0,0,0,0,0,0,0,0,0,0,0,0,0"
117,150A104CB0070,4.0,,结构,2,117,"2,0,0","0,0,2,0,0,0,0,0,0,0,0,0,0,0,0,0,0","2,0,0,0,0,2,0,0,0,0,0,0,0,0,0,0,0,0,0,0"
118,150A104CB0080,3.0,,结构,3,118,"3,0,0","0,0,3,0,0,0,0,0,0,0,0,0,0,0,0,0,0","3,0,0,0,0,3,0,0,0,0,0,0,0,0,0,0,0,0,0,0"
119,150A104CB0090,5.0,,结构,4,119,"4,0,0","0,0,4,0,0,0,0,0,0,0,0,0,0,0,0,0,0","4,0,0,0,0,4,0,0,0,0,0,0,0,0,0,0,0,0,0,0"
120,150A104CB0100,4.0,,结构,4,120,"4,0,0","0,0,4,0,0,0,0,0,0,0,0,0,0,0,0,0,0","4,0,0,0,0,4,0,0,0,0,0,0,0,0,0,0,0,0,0,0"
121,150A104CB0120,4.0,,结构,4,121,"4,0,0","0,0,4,0,0,0,0,0,0,0,0,0,0,0,0,0,0","4,0,0,0,0,4,0,0,0,0,0,0,0,0,0,0,0,0,0,0"
122,150A104CB0130,5.0,,结构,3,122,"3,0,0","0,0,3,0,0,0,0,0,0,0,0,0,0,0,0,0,0","3,0,0,0,0,3,0,0,0,0,0,0,0,0,0,0,0,0,0,0"
123,150A104CB0150,5.0,,结构,3,123,"3,0,0","0,0,3,0,0,0,0,0,0,0,0,0,0,0,0,0,0","3,0,0,0,0,3,0,0,0,0,0,0,0,0,0,0,0,0,0,0"
124,150A104CB0170,5.0,,结构,6,124,"6,0,0","0,0,6,0,0,0,0,0,0,0,0,0,0,0,0,0,0","6,0,0,0,0,6,0,0,0,0,0,0,0,0,0,0,0,0,0,0"
125,150A104CB0175,8.0,,结构,6,125,"6,0,0","0,0,6,0,0,0,0,0,0,0,0,0,0,0,0,0,0","6,0,0,0,0,6,0,0,0,0,0,0,0,0,0,0,0,0,0,0"
126,150A104CB0200,8.0,,结构,4,126,"4,0,0","0,0,4,0,0,0,0,0,0,0,0,0,0,0,0,0,0","4,0,0,0,0,4,0,0,0,0,0,0,0,0,0,0,0,0,0,0"
127,150A104CB0220,8.0,,结构,4,127,"4,0,0","0,0,4,0,0,0,0,0,0,0,0,0,0,0,0,0,0","4,0,0,0,0,4,0,0,0,0,0,0,0,0,0,0,0,0,0,0"
128,150A104CB0240,8.0,,结构,4,128,"4,0,0","0,0,4,0,0,0,0,0,0,0,0,0,0,0,0,0,0","4,0,0,0,0,4,0,0,0,0,0,0,0,0,0,0,0,0,0,0"
129,150A104CD0010,5.0,,机械,2,129,"0,2,0","0,0,2,0,0,0,0,0,0,0,0,0,0,0,0,0,0","0,2,0,0,0,2,0,0,0,0,0,0,0,0,0,0,0,0,0,0"
130,150A104CD0020,5.0,,机械,3,130,"0,3,0","0,0,3,0,0,0,0,0,0,0,0,0,0,0,0,0,0","0,3,0,0,0,3,0,0,0,0,0,0,0,0,0,0,0,0,0,0"
131,150A104CD0030,4.0,,机械,4,131,"0,4,0","0,0,4,0,0,0,0,0,0,0,0,0,0,0,0,0,0","0,4,0,0,0,4,0,0,0,0,0,0,0,0,0,0,0,0,0,0"
132,150A104CD0040,5.0,,机械,3,132,"0,3,0","0,0,3,0,0,0,0,0,0,0,0,0,0,0,0,0,0","0,3,0,0,0,3,0,0,0,0,0,0,0,0,0,0,0,0,0,0"
133,150A104CD0050,3.0,,机械,2,133,"0,2,0","0,0,2,0,0,0,0,0,0,0,0,0,0,0,0,0,0","0,2,0,0,0,2,0,0,0,0,0,0,0,0,0,0,0,0,0,0"
134,150A104CD0060,5.0,,机械,3,134,"0,3,0","0,0,3,0,0,0,0,0,0,0,0,0,0,0,0,0,0","0,3,0,0,0,3,0,0,0,0,0,0,0,0,0,0,0,0,0,0"
135,150A104CD0070.01,4.0,,机械,2,135,"0,2,0","0,0,2,0,0,0,0,0,0,0,0,0,0,0,0,0,0","0,2,0,0,0,2,0,0,0,0,0,0,0,0,0,0,0,0,0,0"
136,150A104CD0080,3.0,,机械,4,136,"0,4,0","0,0,4,0,0,0,0,0,0,0,0,0,0,0,0,0,0","0,4,0,0,0,4,0,0,0,0,0,0,0,0,0,0,0,0,0,0"
137,150A104CD0090,3.0,,机械,4,137,"0,4,0","0,0,4,0,0,0,0,0,0,0,0,0,0,0,0,0,0","0,4,0,0,0,4,0,0,0,0,0,0,0,0,0,0,0,0,0,0"
138,150A104CD0100,4.0,,机械,2,138,"0,2,0","0,0,2,0,0,0,0,0,0,0,0,0,0,0,0,0,0","0,2,0,0,0,2,0,0,0,0,0,0,0,0,0,0,0,0,0,0"
139,150A104CD0110.01,3.0,,机械,2,139,"0,2,0","0,0,2,0,0,0,0,0,0,0,0,0,0,0,0,0,0","0,2,0,0,0,2,0,0,0,0,0,0,0,0,0,0,0,0,0,0"
140,150A104CE0270,2.0,,特设,2,140,"0,0,2","0,0,2,0,0,0,0,0,0,0,0,0,0,0,0,0,0","0,0,2,0,0,2,0,0,0,0,0,0,0,0,0,0,0,0,0,0"
141,150A104CE0380,2.0,,特设,2,141,"0,0,2","0,0,2,0,0,0,0,0,0,0,0,0,0,0,0,0,0","0,0,2,0,0,2,0,0,0,0,0,0,0,0,0,0,0,0,0,0"
142,150A104CE2354,2.0,,特设,2,142,"0,0,2","0,0,2,0,0,0,0,0,0,0,0,0,0,0,0,0,0","0,0,2,0,0,2,0,0,0,0,0,0,0,0,0,0,0,0,0,0"
143,150A104CE2856,2.0,,特设,2,143,"0,0,2","0,0,2,0,0,0,0,0,0,0,0,0,0,0,0,0,0","0,0,2,0,0,2,0,0,0,0,0,0,0,0,0,0,0,0,0,0"
144,150A104CH0010,3.0,,机械,2,144,"0,2,0","0,0,2,0,0,0,0,0,0,0,0,0,0,0,0,0,0","0,2,0,0,0,2,0,0,0,0,0,0,0,0,0,0,0,0,0,0"
145,150A104CH0020,5.0,,机械,3,145,"0,3,0","0,0,3,0,0,0,0,0,0,0,0,0,0,0,0,0,0","0,3,0,0,0,3,0,0,0,0,0,0,0,0,0,0,0,0,0,0"
146,150A104CK0030,5.0,,结构,4,146,"4,0,0","0,0,4,0,0,0,0,0,0,0,0,0,0,0,0,0,0","4,0,0,0,0,4,0,0,0,0,0,0,0,0,0,0,0,0,0,0"
147,150A104CL0010,4.0,,结构,6,147,"6,0,0","0,0,6,0,0,0,0,0,0,0,0,0,0,0,0,0,0","6,0,0,0,0,6,0,0,0,0,0,0,0,0,0,0,0,0,0,0"
148,150A104CL0020,4.0,,结构,6,148,"6,0,0","0,0,6,0,0,0,0,0,0,0,0,0,0,0,0,0,0","6,0,0,0,0,6,0,0,0,0,0,0,0,0,0,0,0,0,0,0"
149,150A104CL0040,3.0,,结构,4,149,"4,0,0","0,0,4,0,0,0,0,0,0,0,0,0,0,0,0,0,0","4,0,0,0,0,4,0,0,0,0,0,0,0,0,0,0,0,0,0,0"
150,150A104CL0050,3.0,,结构,4,150,"4,0,0","0,0,4,0,0,0,0,0,0,0,0,0,0,0,0,0,0","4,0,0,0,0,4,0,0,0,0,0,0,0,0,0,0,0,0,0,0"
151,150A104CW0020,4.0,,特设,2,151,"0,0,2","0,0,2,0,0,0,0,0,0,0,0,0,0,0,0,0,0","0,0,2,0,0,2,0,0,0,0,0,0,0,0,0,0,0,0,0,0"
152,150A104CW0030,4.0,,特设,2,152,"0,0,2","0,0,2,0,0,0,0,0,0,0,0,0,0,0,0,0,0","0,0,2,0,0,2,0,0,0,0,0,0,0,0,0,0,0,0,0,0"
153,150A104CW0080,8.0,,特设,3,153,"0,0,3","0,0,3,0,0,0,0,0,0,0,0,0,0,0,0,0,0","0,0,3,0,0,3,0,0,0,0,0,0,0,0,0,0,0,0,0,0"
154,150A104CW0110,2.0,,特设,2,154,"0,0,2","0,0,2,0,0,0,0,0,0,0,0,0,0,0,0,0,0","0,0,2,0,0,2,0,0,0,0,0,0,0,0,0,0,0,0,0,0"
155,150A104CW0190,4.0,,特设,4,155,"0,0,4","0,0,4,0,0,0,0,0,0,0,0,0,0,0,0,0,0","0,0,4,0,0,4,0,0,0,0,0,0,0,0,0,0,0,0,0,0"
156,150A104CW0200,2.0,,特设,2,156,"0,0,2","0,0,2,0,0,0,0,0,0,0,0,0,0,0,0,0,0","0,0,2,0,0,2,0,0,0,0,0,0,0,0,0,0,0,0,0,0"
157,150A104CW0220,2.0,,特设,2,157,"0,0,2","0,0,2,0,0,0,0,0,0,0,0,0,0,0,0,0,0","0,0,2,0,0,2,0,0,0,0,0,0,0,0,0,0,0,0,0,0"
158,150A104CW0230,2.0,,特设,2,158,"0,0,2","0,0,2,0,0,0,0,0,0,0,0,0,0,0,0,0,0","0,0,2,0,0,2,0,0,0,0,0,0,0,0,0,0,0,0,0,0"
159,150A105DB0180,8.0,,结构,2,159,"2,0,0","0,0,0,2,0,0,0,0,0,0,0,0,0,0,0,0,0","2,0,0,0,0,0,2,0,0,0,0,0,0,0,0,0,0,0,0,0"
160,150A105DB0190,8.0,,结构,6,160,"6,0,0","0,0,0,6,0,0,0,0,0,0,0,0,0,0,0,0,0","6,0,0,0,0,0,6,0,0,0,0,0,0,0,0,0,0,0,0,0"
161,150A105DB0200,8.0,,结构,6,161,"6,0,0","0,0,0,6,0,0,0,0,0,0,0,0,0,0,0,0,0","6,0,0,0,0,0,6,0,0,0,0,0,0,0,0,0,0,0,0,0"
162,150A105DD0010,8.0,,机械,3,162,"0,3,0","0,0,0,3,0,0,0,0,0,0,0,0,0,0,0,0,0","0,3,0,0,0,0,3,0,0,0,0,0,0,0,0,0,0,0,0,0"
163,150A105DE0070,4.0,,特设,2,163,"0,0,2","0,0,0,2,0,0,0,0,0,0,0,0,0,0,0,0,0","0,0,2,0,0,0,2,0,0,0,0,0,0,0,0,0,0,0,0,0"
164,150A105DE0075,4.0,,特设,2,164,"0,0,2","0,0,0,2,0,0,0,0,0,0,0,0,0,0,0,0,0","0,0,2,0,0,0,2,0,0,0,0,0,0,0,0,0,0,0,0,0"
165,150A105DE0080,4.0,,特设,2,165,"0,0,2","0,0,0,2,0,0,0,0,0,0,0,0,0,0,0,0,0","0,0,2,0,0,0,2,0,0,0,0,0,0,0,0,0,0,0,0,0"
166,150A105DE0085,4.0,,特设,2,166,"0,0,2","0,0,0,2,0,0,0,0,0,0,0,0,0,0,0,0,0","0,0,2,0,0,0,2,0,0,0,0,0,0,0,0,0,0,0,0,0"
167,150A105DE0100,2.0,,特设,4,167,"0,0,4","0,0,0,4,0,0,0,0,0,0,0,0,0,0,0,0,0","0,0,4,0,0,0,4,0,0,0,0,0,0,0,0,0,0,0,0,0"
168,150A105DE0110,2.0,,特设,2,168,"0,0,2","0,0,0,2,0,0,0,0,0,0,0,0,0,0,0,0,0","0,0,2,0,0,0,2,0,0,0,0,0,0,0,0,0,0,0,0,0"
169,150A105DE0130,2.0,,特设,3,169,"0,0,3","0,0,0,3,0,0,0,0,0,0,0,0,0,0,0,0,0","0,0,3,0,0,0,3,0,0,0,0,0,0,0,0,0,0,0,0,0"
170,150A105DE0160,2.0,,特设,2,170,"0,0,2","0,0,0,2,0,0,0,0,0,0,0,0,0,0,0,0,0","0,0,2,0,0,0,2,0,0,0,0,0,0,0,0,0,0,0,0,0"
171,150A105DE0200,2.0,,特设,2,171,"0,0,2","0,0,0,2,0,0,0,0,0,0,0,0,0,0,0,0,0","0,0,2,0,0,0,2,0,0,0,0,0,0,0,0,0,0,0,0,0"
172,150A105DE0250,2.0,,特设,2,172,"0,0,2","0,0,0,2,0,0,0,0,0,0,0,0,0,0,0,0,0","0,0,2,0,0,0,2,0,0,0,0,0,0,0,0,0,0,0,0,0"
173,150A105DE0280,2.0,,特设,2,173,"0,0,2","0,0,0,2,0,0,0,0,0,0,0,0,0,0,0,0,0","0,0,2,0,0,0,2,0,0,0,0,0,0,0,0,0,0,0,0,0"
174,150A105DG0010,8.0,,机械,4,174,"0,4,0","0,0,0,4,0,0,0,0,0,0,0,0,0,0,0,0,0","0,4,0,0,0,0,4,0,0,0,0,0,0,0,0,0,0,0,0,0"
175,150A105DG0020,8.0,,机械,3,175,"0,3,0","0,0,0,3,0,0,0,0,0,0,0,0,0,0,0,0,0","0,3,0,0,0,0,3,0,0,0,0,0,0,0,0,0,0,0,0,0"
176,150A105DG0030,8.0,,机械,4,176,"0,4,0","0,0,0,4,0,0,0,0,0,0,0,0,0,0,0,0,0","0,4,0,0,0,0,4,0,0,0,0,0,0,0,0,0,0,0,0,0"
177,150A105DG0040,8.0,,机械,4,177,"0,4,0","0,0,0,4,0,0,0,0,0,0,0,0,0,0,0,0,0","0,4,0,0,0,0,4,0,0,0,0,0,0,0,0,0,0,0,0,0"
178,150A105DG0060,8.0,,机械,4,178,"0,4,0","0,0,0,4,0,0,0,0,0,0,0,0,0,0,0,0,0","0,4,0,0,0,0,4,0,0,0,0,0,0,0,0,0,0,0,0,0"
179,150A105DH0030,8.0,,机械,3,179,"0,3,0","0,0,0,3,0,0,0,0,0,0,0,0,0,0,0,0,0","0,3,0,0,0,0,3,0,0,0,0,0,0,0,0,0,0,0,0,0"
180,150A105DH0040,4.0,,机械,2,180,"0,2,0","0,0,0,2,0,0,0,0,0,0,0,0,0,0,0,0,0","0,2,0,0,0,0,2,0,0,0,0,0,0,0,0,0,0,0,0,0"
181,150A105DH0050,8.0,,机械,2,181,"0,2,0","0,0,0,2,0,0,0,0,0,0,0,0,0,0,0,0,0","0,2,0,0,0,0,2,0,0,0,0,0,0,0,0,0,0,0,0,0"
182,150A105DH0060,4.0,,机械,2,182,"0,2,0","0,0,0,2,0,0,0,0,0,0,0,0,0,0,0,0,0","0,2,0,0,0,0,2,0,0,0,0,0,0,0,0,0,0,0,0,0"
183,150A105DH0070,4.0,,机械,2,183,"0,2,0","0,0,0,2,0,0,0,0,0,0,0,0,0,0,0,0,0","0,2,0,0,0,0,2,0,0,0,0,0,0,0,0,0,0,0,0,0"
184,150A105DK0020,4.0,,机械,2,184,"0,2,0","0,0,0,2,0,0,0,0,0,0,0,0,0,0,0,0,0","0,2,0,0,0,0,2,0,0,0,0,0,0,0,0,0,0,0,0,0"
185,150A105DK0030,4.0,,机械,2,185,"0,2,0","0,0,0,2,0,0,0,0,0,0,0,0,0,0,0,0,0","0,2,0,0,0,0,2,0,0,0,0,0,0,0,0,0,0,0,0,0"
186,150A105DL0010,4.0,,结构,4,186,"4,0,0","0,0,0,4,0,0,0,0,0,0,0,0,0,0,0,0,0","4,0,0,0,0,0,4,0,0,0,0,0,0,0,0,0,0,0,0,0"
187,150A105DL0020,4.0,,结构,4,187,"4,0,0","0,0,0,4,0,0,0,0,0,0,0,0,0,0,0,0,0","4,0,0,0,0,0,4,0,0,0,0,0,0,0,0,0,0,0,0,0"
188,150A105DL0040,2.5,,结构,2,188,"2,0,0","0,0,0,2,0,0,0,0,0,0,0,0,0,0,0,0,0","2,0,0,0,0,0,2,0,0,0,0,0,0,0,0,0,0,0,0,0"
189,150A105DL0050,6.0,,结构,2,189,"2,0,0","0,0,0,2,0,0,0,0,0,0,0,0,0,0,0,0,0","2,0,0,0,0,0,2,0,0,0,0,0,0,0,0,0,0,0,0,0"
190,150A105DL0060,2.0,,结构,2,190,"2,0,0","0,0,0,2,0,0,0,0,0,0,0,0,0,0,0,0,0","2,0,0,0,0,0,2,0,0,0,0,0,0,0,0,0,0,0,0,0"
191,150A105DL0070,2.5,,结构,2,191,"2,0,0","0,0,0,2,0,0,0,0,0,0,0,0,0,0,0,0,0","2,0,0,0,0,0,2,0,0,0,0,0,0,0,0,0,0,0,0,0"
192,150A105DW0010,2.0,,特设,3,192,"0,0,3","0,0,0,3,0,0,0,0,0,0,0,0,0,0,0,0,0","0,0,3,0,0,0,3,0,0,0,0,0,0,0,0,0,0,0,0,0"
193,150A105DW0020,2.0,,特设,4,193,"0,0,4","0,0,0,4,0,0,0,0,0,0,0,0,0,0,0,0,0","0,0,4,0,0,0,4,0,0,0,0,0,0,0,0,0,0,0,0,0"
194,150A105DW0030,2.0,,特设,4,194,"0,0,4","0,0,0,4,0,0,0,0,0,0,0,0,0,0,0,0,0","0,0,4,0,0,0,4,0,0,0,0,0,0,0,0,0,0,0,0,0"
195,150A105DW0040,2.0,,特设,4,195,"0,0,4","0,0,0,4,0,0,0,0,0,0,0,0,0,0,0,0,0","0,0,4,0,0,0,4,0,0,0,0,0,0,0,0,0,0,0,0,0"
196,150A105DW0050,2.0,,特设,4,196,"0,0,4","0,0,0,4,0,0,0,0,0,0,0,0,0,0,0,0,0","0,0,4,0,0,0,4,0,0,0,0,0,0,0,0,0,0,0,0,0"
197,150A105DW0060,2.0,,特设,3,197,"0,0,3","0,0,0,3,0,0,0,0,0,0,0,0,0,0,0,0,0","0,0,3,0,0,0,3,0,0,0,0,0,0,0,0,0,0,0,0,0"
198,150A105DW0090,2.0,,特设,3,198,"0,0,3","0,0,0,3,0,0,0,0,0,0,0,0,0,0,0,0,0","0,0,3,0,0,0,3,0,0,0,0,0,0,0,0,0,0,0,0,0"
199,150A105DW0100,2.0,,特设,4,199,"0,0,4","0,0,0,4,0,0,0,0,0,0,0,0,0,0,0,0,0","0,0,4,0,0,0,4,0,0,0,0,0,0,0,0,0,0,0,0,0"
200,150A105DZ0010,3.0,,特设,1,200,"0,0,1","0,0,0,1,0,0,0,0,0,0,0,0,0,0,0,0,0","0,0,1,0,0,0,1,0,0,0,0,0,0,0,0,0,0,0,0,0"
201,150A105DZ0030,5.0,,结构,2,201,"2,0,0","0,0,0,2,0,0,0,0,0,0,0,0,0,0,0,0,0","2,0,0,0,0,0,2,0,0,0,0,0,0,0,0,0,0,0,0,0"
202,150A106EA0040,8.0,,特设,2,202,"0,0,2","0,0,0,0,2,0,0,0,0,0,0,0,0,0,0,0,0","0,0,2,0,0,0,0,2,0,0,0,0,0,0,0,0,0,0,0,0"
203,150A106EA0050,3.0,,特设,2,203,"0,0,2","0,0,0,0,2,0,0,0,0,0,0,0,0,0,0,0,0","0,0,2,0,0,0,0,2,0,0,0,0,0,0,0,0,0,0,0,0"
204,150A106EE0070,4.0,,特设,2,204,"0,0,2","0,0,0,0,2,0,0,0,0,0,0,0,0,0,0,0,0","0,0,2,0,0,0,0,2,0,0,0,0,0,0,0,0,0,0,0,0"
205,150A106EE0080,4.0,,特设,2,205,"0,0,2","0,0,0,0,2,0,0,0,0,0,0,0,0,0,0,0,0","0,0,2,0,0,0,0,2,0,0,0,0,0,0,0,0,0,0,0,0"
206,150A106EE0090,4.0,,特设,2,206,"0,0,2","0,0,0,0,2,0,0,0,0,0,0,0,0,0,0,0,0","0,0,2,0,0,0,0,2,0,0,0,0,0,0,0,0,0,0,0,0"
207,150A106EE0110,4.0,,特设,2,207,"0,0,2","0,0,0,0,2,0,0,0,0,0,0,0,0,0,0,0,0","0,0,2,0,0,0,0,2,0,0,0,0,0,0,0,0,0,0,0,0"
208,150A106EE0290,4.0,,特设,2,208,"0,0,2","0,0,0,0,2,0,0,0,0,0,0,0,0,0,0,0,0","0,0,2,0,0,0,0,2,0,0,0,0,0,0,0,0,0,0,0,0"
209,150A106EE0310,4.0,,特设,2,209,"0,0,2","0,0,0,0,2,0,0,0,0,0,0,0,0,0,0,0,0","0,0,2,0,0,0,0,2,0,0,0,0,0,0,0,0,0,0,0,0"
210,150A106EE0320,4.0,,特设,2,210,"0,0,2","0,0,0,0,2,0,0,0,0,0,0,0,0,0,0,0,0","0,0,2,0,0,0,0,2,0,0,0,0,0,0,0,0,0,0,0,0"
211,150A106EE0330,4.0,,特设,2,211,"0,0,2","0,0,0,0,2,0,0,0,0,0,0,0,0,0,0,0,0","0,0,2,0,0,0,0,2,0,0,0,0,0,0,0,0,0,0,0,0"
212,150A106EE0340,4.0,,特设,2,212,"0,0,2","0,0,0,0,2,0,0,0,0,0,0,0,0,0,0,0,0","0,0,2,0,0,0,0,2,0,0,0,0,0,0,0,0,0,0,0,0"
213,150A106EE0350,4.0,,特设,2,213,"0,0,2","0,0,0,0,2,0,0,0,0,0,0,0,0,0,0,0,0","0,0,2,0,0,0,0,2,0,0,0,0,0,0,0,0,0,0,0,0"
214,150A106EE0370,4.0,,特设,2,214,"0,0,2","0,0,0,0,2,0,0,0,0,0,0,0,0,0,0,0,0","0,0,2,0,0,0,0,2,0,0,0,0,0,0,0,0,0,0,0,0"
215,150A106EE0375,4.0,,特设,2,215,"0,0,2","0,0,0,0,2,0,0,0,0,0,0,0,0,0,0,0,0","0,0,2,0,0,0,0,2,0,0,0,0,0,0,0,0,0,0,0,0"
216,150A106EE0380,4.0,,特设,2,216,"0,0,2","0,0,0,0,2,0,0,0,0,0,0,0,0,0,0,0,0","0,0,2,0,0,0,0,2,0,0,0,0,0,0,0,0,0,0,0,0"
217,150A106EH0180,8.0,,机械,2,217,"0,2,0","0,0,0,0,2,0,0,0,0,0,0,0,0,0,0,0,0","0,2,0,0,0,0,0,2,0,0,0,0,0,0,0,0,0,0,0,0"
218,150A106EW0030,8.0,,特设,4,218,"0,0,4","0,0,0,0,4,0,0,0,0,0,0,0,0,0,0,0,0","0,0,4,0,0,0,0,4,0,0,0,0,0,0,0,0,0,0,0,0"
219,150A106EW0040,5.0,,特设,4,219,"0,0,4","0,0,0,0,4,0,0,0,0,0,0,0,0,0,0,0,0","0,0,4,0,0,0,0,4,0,0,0,0,0,0,0,0,0,0,0,0"
220,150A106EW0060,8.0,,特设,3,220,"0,0,3","0,0,0,0,3,0,0,0,0,0,0,0,0,0,0,0,0","0,0,3,0,0,0,0,3,0,0,0,0,0,0,0,0,0,0,0,0"
221,150A106EW0070,8.0,,特设,3,221,"0,0,3","0,0,0,0,3,0,0,0,0,0,0,0,0,0,0,0,0","0,0,3,0,0,0,0,3,0,0,0,0,0,0,0,0,0,0,0,0"
222,150A106RA0010,4.0,,特设,2,222,"0,0,2","0,0,0,0,0,0,0,0,0,0,0,0,0,0,2,0,0","0,0,2,0,0,0,0,0,0,0,0,0,0,0,0,0,0,2,0,0"
223,150A106RA0020,4.0,,特设,2,223,"0,0,2","0,0,0,0,0,0,0,0,0,0,0,0,0,0,2,0,0","0,0,2,0,0,0,0,0,0,0,0,0,0,0,0,0,0,2,0,0"
224,150A106RD0010,8.0,,机械,5,224,"0,5,0","0,0,0,0,0,0,0,0,0,0,0,0,0,0,5,0,0","0,5,0,0,0,0,0,0,0,0,0,0,0,0,0,0,0,5,0,0"
225,150A106RE0010,8.0,,特设,2,225,"0,0,2","0,0,0,0,0,0,0,0,0,0,0,0,0,0,2,0,0","0,0,2,0,0,0,0,0,0,0,0,0,0,0,0,0,0,2,0,0"
226,150A106RE0020,4.0,,特设,1,226,"0,0,1","0,0,0,0,0,0,0,0,0,0,0,0,0,0,1,0,0","0,0,1,0,0,0,0,0,0,0,0,0,0,0,0,0,0,1,0,0"
227,150A106RE0030,4.0,,特设,1,227,"0,0,1","0,0,0,0,0,0,0,0,0,0,0,0,0,0,1,0,0","0,0,1,0,0,0,0,0,0,0,0,0,0,0,0,0,0,1,0,0"
228,150A106RE0040,4.0,,特设,2,228,"0,0,2","0,0,0,0,0,0,0,0,0,0,0,0,0,0,2,0,0","0,0,2,0,0,0,0,0,0,0,0,0,0,0,0,0,0,2,0,0"
229,150A106RE0045,4.0,,特设,2,229,"0,0,2","0,0,0,0,0,0,0,0,0,0,0,0,0,0,2,0,0","0,0,2,0,0,0,0,0,0,0,0,0,0,0,0,0,0,2,0,0"
230,150A106RH0010,5.0,,机械,2,230,"0,2,0","0,0,0,0,0,0,0,0,0,0,0,0,0,0,2,0,0","0,2,0,0,0,0,0,0,0,0,0,0,0,0,0,0,0,2,0,0"
231,150A106RH0040,5.0,,机械,2,231,"0,2,0","0,0,0,0,0,0,0,0,0,0,0,0,0,0,2,0,0","0,2,0,0,0,0,0,0,0,0,0,0,0,0,0,0,0,2,0,0"
232,150A106RH0045,4.0,,机械,2,232,"0,2,0","0,0,0,0,0,0,0,0,0,0,0,0,0,0,2,0,0","0,2,0,0,0,0,0,0,0,0,0,0,0,0,0,0,0,2,0,0"
233,150A106RH0050,8.0,,机械,3,233,"0,3,0","0,0,0,0,0,0,0,0,0,0,0,0,0,0,3,0,0","0,3,0,0,0,0,0,0,0,0,0,0,0,0,0,0,0,3,0,0"
234,150A106RH0080,5.0,,机械,2,234,"0,2,0","0,0,0,0,0,0,0,0,0,0,0,0,0,0,2,0,0","0,2,0,0,0,0,0,0,0,0,0,0,0,0,0,0,0,2,0,0"
235,150A106RH0090,8.0,,机械,4,235,"0,4,0","0,0,0,0,0,0,0,0,0,0,0,0,0,0,4,0,0","0,4,0,0,0,0,0,0,0,0,0,0,0,0,0,0,0,4,0,0"
236,150A106RH0095,8.0,,机械,4,236,"0,4,0","0,0,0,0,0,0,0,0,0,0,0,0,0,0,4,0,0","0,4,0,0,0,0,0,0,0,0,0,0,0,0,0,0,0,4,0,0"
237,150A106RH0210,5.0,,机械,2,237,"0,2,0","0,0,0,0,0,0,0,0,0,0,0,0,0,0,2,0,0","0,2,0,0,0,0,0,0,0,0,0,0,0,0,0,0,0,2,0,0"
238,150A106RH0220,4.0,,机械,2,238,"0,2,0","0,0,0,0,0,0,0,0,0,0,0,0,0,0,2,0,0","0,2,0,0,0,0,0,0,0,0,0,0,0,0,0,0,0,2,0,0"
239,150A106RH0230,4.0,,机械,2,239,"0,2,0","0,0,0,0,0,0,0,0,0,0,0,0,0,0,2,0,0","0,2,0,0,0,0,0,0,0,0,0,0,0,0,0,0,0,2,0,0"
240,150A106RH0240,5.0,,机械,3,240,"0,3,0","0,0,0,0,0,0,0,0,0,0,0,0,0,0,3,0,0","0,3,0,0,0,0,0,0,0,0,0,0,0,0,0,0,0,3,0,0"
241,150A106RH0250,4.0,,机械,2,241,"0,2,0","0,0,0,0,0,0,0,0,0,0,0,0,0,0,2,0,0","0,2,0,0,0,0,0,0,0,0,0,0,0,0,0,0,0,2,0,0"
242,150A106RH0260,8.0,,机械,3,242,"0,3,0","0,0,0,0,0,0,0,0,0,0,0,0,0,0,3,0,0","0,3,0,0,0,0,0,0,0,0,0,0,0,0,0,0,0,3,0,0"
243,150A106RH0270,8.0,,机械,4,243,"0,4,0","0,0,0,0,0,0,0,0,0,0,0,0,0,0,4,0,0","0,4,0,0,0,0,0,0,0,0,0,0,0,0,0,0,0,4,0,0"
244,150A106RH0280,8.0,,机械,4,244,"0,4,0","0,0,0,0,0,0,0,0,0,0,0,0,0,0,4,0,0","0,4,0,0,0,0,0,0,0,0,0,0,0,0,0,0,0,4,0,0"
245,150A106RH0290,8.0,,机械,2,245,"0,2,0","0,0,0,0,0,0,0,0,0,0,0,0,0,0,2,0,0","0,2,0,0,0,0,0,0,0,0,0,0,0,0,0,0,0,2,0,0"
246,150A106RH0300,4.0,,机械,2,246,"0,2,0","0,0,0,0,0,0,0,0,0,0,0,0,0,0,2,0,0","0,2,0,0,0,0,0,0,0,0,0,0,0,0,0,0,0,2,0,0"
247,150A106RH0310,8.0,,机械,2,247,"0,2,0","0,0,0,0,0,0,0,0,0,0,0,0,0,0,2,0,0","0,2,0,0,0,0,0,0,0,0,0,0,0,0,0,0,0,2,0,0"
248,150A106RS0010,8.0,,结构,2,248,"2,0,0","0,0,0,0,0,0,0,0,0,0,0,0,0,0,2,0,0","2,0,0,0,0,0,0,0,0,0,0,0,0,0,0,0,0,2,0,0"
249,150A106RS0020,8.0,,结构,2,249,"2,0,0","0,0,0,0,0,0,0,0,0,0,0,0,0,0,2,0,0","2,0,0,0,0,0,0,0,0,0,0,0,0,0,0,0,0,2,0,0"
250,150A106RW0010,8.0,,特设,2,250,"0,0,2","0,0,0,0,0,0,0,0,0,0,0,0,0,0,2,0,0","0,0,2,0,0,0,0,0,0,0,0,0,0,0,0,0,0,2,0,0"
251,150A106RW0020,8.0,,特设,2,251,"0,0,2","0,0,0,0,0,0,0,0,0,0,0,0,0,0,2,0,0","0,0,2,0,0,0,0,0,0,0,0,0,0,0,0,0,0,2,0,0"
252,150A106RW0030,8.0,,特设,2,252,"0,0,2","0,0,0,0,0,0,0,0,0,0,0,0,0,0,2,0,0","0,0,2,0,0,0,0,0,0,0,0,0,0,0,0,0,0,2,0,0"
253,150A106RW0040,4.0,,特设,2,253,"0,0,2","0,0,0,0,0,0,0,0,0,0,0,0,0,0,2,0,0","0,0,2,0,0,0,0,0,0,0,0,0,0,0,0,0,0,2,0,0"
254,150A106RW0050,8.0,,特设,2,254,"0,0,2","0,0,0,0,0,0,0,0,0,0,0,0,0,0,2,0,0","0,0,2,0,0,0,0,0,0,0,0,0,0,0,0,0,0,2,0,0"
255,150A106RW0055,8.0,,特设,2,255,"0,0,2","0,0,0,0,0,0,0,0,0,0,0,0,0,0,2,0,0","0,0,2,0,0,0,0,0,0,0,0,0,0,0,0,0,0,2,0,0"
256,150A106RW0060,8.0,,特设,2,256,"0,0,2","0,0,0,0,0,0,0,0,0,0,0,0,0,0,2,0,0","0,0,2,0,0,0,0,0,0,0,0,0,0,0,0,0,0,2,0,0"
257,150A106RW0065,8.0,,特设,2,257,"0,0,2","0,0,0,0,0,0,0,0,0,0,0,0,0,0,2,0,0","0,0,2,0,0,0,0,0,0,0,0,0,0,0,0,0,0,2,0,0"
258,150A106RW0070,8.0,,特设,2,258,"0,0,2","0,0,0,0,0,0,0,0,0,0,0,0,0,0,2,0,0","0,0,2,0,0,0,0,0,0,0,0,0,0,0,0,0,0,2,0,0"
259,150A106RW0075,8.0,,特设,2,259,"0,0,2","0,0,0,0,0,0,0,0,0,0,0,0,0,0,2,0,0","0,0,2,0,0,0,0,0,0,0,0,0,0,0,0,0,0,2,0,0"
260,150A107BE3040,1.0,,特设,2,260,"0,0,2","0,2,0,0,0,0,0,0,0,0,0,0,0,0,0,0,0","0,0,2,0,2,0,0,0,0,0,0,0,0,0,0,0,0,0,0,0"
261,150A107BE3050,1.0,,特设,2,261,"0,0,2","0,2,0,0,0,0,0,0,0,0,0,0,0,0,0,0,0","0,0,2,0,2,0,0,0,0,0,0,0,0,0,0,0,0,0,0,0"
262,150A107FA0010,2.0,,特设,2,262,"0,0,2","0,0,0,0,0,2,0,0,0,0,0,0,0,0,0,0,0","0,0,2,0,0,0,0,0,2,0,0,0,0,0,0,0,0,0,0,0"
263,150A107FA0015,2.0,,特设,2,263,"0,0,2","0,0,0,0,0,2,0,0,0,0,0,0,0,0,0,0,0","0,0,2,0,0,0,0,0,2,0,0,0,0,0,0,0,0,0,0,0"
264,150A107FA0020,2.0,,特设,2,264,"0,0,2","0,0,0,0,0,2,0,0,0,0,0,0,0,0,0,0,0","0,0,2,0,0,0,0,0,2,0,0,0,0,0,0,0,0,0,0,0"
265,150A107FA0030,1.0,,特设,1,265,"0,0,1","0,0,0,0,0,1,0,0,0,0,0,0,0,0,0,0,0","0,0,1,0,0,0,0,0,1,0,0,0,0,0,0,0,0,0,0,0"
266,150A107FA0040,3.0,,特设,1,266,"0,0,1","0,0,0,0,0,1,0,0,0,0,0,0,0,0,0,0,0","0,0,1,0,0,0,0,0,1,0,0,0,0,0,0,0,0,0,0,0"
267,150A107FA0050,2.0,,特设,2,267,"0,0,2","0,0,0,0,0,2,0,0,0,0,0,0,0,0,0,0,0","0,0,2,0,0,0,0,0,2,0,0,0,0,0,0,0,0,0,0,0"
268,150A107FE2601,1.0,,特设,1,268,"0,0,1","0,0,0,0,0,1,0,0,0,0,0,0,0,0,0,0,0","0,0,1,0,0,0,0,0,1,0,0,0,0,0,0,0,0,0,0,0"
269,150A107FE2602,1.0,,特设,1,269,"0,0,1","0,0,0,0,0,1,0,0,0,0,0,0,0,0,0,0,0","0,0,1,0,0,0,0,0,1,0,0,0,0,0,0,0,0,0,0,0"
270,150A107FW0016,2.0,,机械,2,270,"0,2,0","0,0,0,0,0,2,0,0,0,0,0,0,0,0,0,0,0","0,2,0,0,0,0,0,0,2,0,0,0,0,0,0,0,0,0,0,0"
271,150A107FZ0010,4.0,,机械,2,271,"0,2,0","0,0,0,0,0,2,0,0,0,0,0,0,0,0,0,0,0","0,2,0,0,0,0,0,0,2,0,0,0,0,0,0,0,0,0,0,0"
272,150A107FZ0020,2.0,,机械,2,272,"0,2,0","0,0,0,0,0,2,0,0,0,0,0,0,0,0,0,0,0","0,2,0,0,0,0,0,0,2,0,0,0,0,0,0,0,0,0,0,0"
273,150A107LD0030.01,4.0,,机械,2,273,"0,2,0","0,0,0,0,0,0,0,0,0,0,2,0,0,0,0,0,0","0,2,0,0,0,0,0,0,0,0,0,0,0,2,0,0,0,0,0,0"
274,150A107LD0030.02,4.0,,机械,2,274,"0,2,0","0,0,0,0,0,0,0,0,0,0,2,0,0,0,0,0,0","0,2,0,0,0,0,0,0,0,0,0,0,0,2,0,0,0,0,0,0"
275,150A107PD0010,4.0,,特设,2,275,"0,0,2","0,0,0,0,0,0,0,0,0,0,0,0,2,0,0,0,0","0,0,2,0,0,0,0,0,0,0,0,0,0,0,0,2,0,0,0,0"
276,150A107PD0020,4.0,,特设,2,276,"0,0,2","0,0,0,0,0,0,0,0,0,0,0,0,2,0,0,0,0","0,0,2,0,0,0,0,0,0,0,0,0,0,0,0,2,0,0,0,0"
277,150A107PE2603,4.0,,特设,2,277,"0,0,2","0,0,0,0,0,0,0,0,0,0,0,0,2,0,0,0,0","0,0,2,0,0,0,0,0,0,0,0,0,0,0,0,2,0,0,0,0"
278,150A107PE2604,4.0,,特设,2,278,"0,0,2","0,0,0,0,0,0,0,0,0,0,0,0,2,0,0,0,0","0,0,2,0,0,0,0,0,0,0,0,0,0,0,0,2,0,0,0,0"
279,150A107PE7001,2.0,,特设,1,279,"0,0,1","0,0,0,0,0,0,0,0,0,0,0,0,1,0,0,0,0","0,0,1,0,0,0,0,0,0,0,0,0,0,0,0,1,0,0,0,0"
280,150A107PE7002,2.0,,特设,1,280,"0,0,1","0,0,0,0,0,0,0,0,0,0,0,0,1,0,0,0,0","0,0,1,0,0,0,0,0,0,0,0,0,0,0,0,1,0,0,0,0"
281,150A107PE7003,2.0,,特设,1,281,"0,0,1","0,0,0,0,0,0,0,0,0,0,0,0,1,0,0,0,0","0,0,1,0,0,0,0,0,0,0,0,0,0,0,0,1,0,0,0,0"
282,150A107PE7004,2.0,,特设,1,282,"0,0,1","0,0,0,0,0,0,0,0,0,0,0,0,1,0,0,0,0","0,0,1,0,0,0,0,0,0,0,0,0,0,0,0,1,0,0,0,0"
283,150A107PE7005,2.0,,特设,1,283,"0,0,1","0,0,0,0,0,0,0,0,0,0,0,0,1,0,0,0,0","0,0,1,0,0,0,0,0,0,0,0,0,0,0,0,1,0,0,0,0"
284,150A107PE7006,2.0,,特设,1,284,"0,0,1","0,0,0,0,0,0,0,0,0,0,0,0,1,0,0,0,0","0,0,1,0,0,0,0,0,0,0,0,0,0,0,0,1,0,0,0,0"
285,150A107PE7007,2.0,,特设,1,285,"0,0,1","0,0,0,0,0,0,0,0,0,0,0,0,1,0,0,0,0","0,0,1,0,0,0,0,0,0,0,0,0,0,0,0,1,0,0,0,0"
286,150A107PE7008,2.0,,特设,1,286,"0,0,1","0,0,0,0,0,0,0,0,0,0,0,0,1,0,0,0,0","0,0,1,0,0,0,0,0,0,0,0,0,0,0,0,1,0,0,0,0"
287,150A107PW0010,5.0,,特设,2,287,"0,0,2","0,0,0,0,0,0,0,0,0,0,0,0,2,0,0,0,0","0,0,2,0,0,0,0,0,0,0,0,0,0,0,0,2,0,0,0,0"
288,150A107PW0020,5.0,,特设,2,288,"0,0,2","0,0,0,0,0,0,0,0,0,0,0,0,2,0,0,0,0","0,0,2,0,0,0,0,0,0,0,0,0,0,0,0,2,0,0,0,0"
289,150A108GE0030,2.0,,特设,2,289,"0,0,2","0,0,0,0,0,0,2,0,0,0,0,0,0,0,0,0,0","0,0,2,0,0,0,0,0,0,2,0,0,0,0,0,0,0,0,0,0"
290,150A108GP0020,6.0,,结构,2,290,"2,0,0","0,0,0,0,0,0,2,0,0,0,0,0,0,0,0,0,0","2,0,0,0,0,0,0,0,0,2,0,0,0,0,0,0,0,0,0,0"
291,150A108GP0130,8.0,,结构,2,291,"2,0,0","0,0,0,0,0,0,2,0,0,0,0,0,0,0,0,0,0","2,0,0,0,0,0,0,0,0,2,0,0,0,0,0,0,0,0,0,0"
292,150A108GS0210,4.0,,结构,4,292,"4,0,0","0,0,0,0,0,0,4,0,0,0,0,0,0,0,0,0,0","4,0,0,0,0,0,0,0,0,4,0,0,0,0,0,0,0,0,0,0"
293,150A108GW0010,3.0,,特设,2,293,"0,0,2","0,0,0,0,0,0,2,0,0,0,0,0,0,0,0,0,0","0,0,2,0,0,0,0,0,0,2,0,0,0,0,0,0,0,0,0,0"
294,150A108HE0030,1.0,,特设,2,294,"0,0,2","0,0,0,0,0,0,0,2,0,0,0,0,0,0,0,0,0","0,0,2,0,0,0,0,0,0,0,2,0,0,0,0,0,0,0,0,0"
295,150A108HS0220,4.0,,结构,4,295,"4,0,0","0,0,0,0,0,0,0,4,0,0,0,0,0,0,0,0,0","4,0,0,0,0,0,0,0,0,0,4,0,0,0,0,0,0,0,0,0"
296,150A108JK0010,4.0,,机械,2,296,"0,2,0","0,0,0,0,0,0,0,0,2,0,0,0,0,0,0,0,0","0,2,0,0,0,0,0,0,0,0,0,2,0,0,0,0,0,0,0,0"
297,150A108JK0020,5.0,,机械,2,297,"0,2,0","0,0,0,0,0,0,0,0,2,0,0,0,0,0,0,0,0","0,2,0,0,0,0,0,0,0,0,0,2,0,0,0,0,0,0,0,0"
298,150A109CH0030,4.0,,机械,2,298,"0,2,0","0,0,2,0,0,0,0,0,0,0,0,0,0,0,0,0,0","0,2,0,0,0,2,0,0,0,0,0,0,0,0,0,0,0,0,0,0"
299,150A109FH0010,8.0,,机械,3,299,"0,3,0","0,0,0,0,0,3,0,0,0,0,0,0,0,0,0,0,0","0,3,0,0,0,0,0,0,3,0,0,0,0,0,0,0,0,0,0,0"
300,150A109ZF3001,4.0,,机械,3,300,"0,3,0","0,0,0,0,0,0,0,0,0,0,0,0,0,0,0,0,3","0,3,0,0,0,0,0,0,0,0,0,0,0,0,0,0,0,0,0,3"
301,150A109ZF3002,4.0,,机械,4,301,"0,4,0","0,0,0,0,0,0,0,0,0,0,0,0,0,0,0,0,4","0,4,0,0,0,0,0,0,0,0,0,0,0,0,0,0,0,0,0,4"
302,150A109ZF3003,4.0,,机械,2,302,"0,2,0","0,0,0,0,0,0,0,0,0,0,0,0,0,0,0,0,2","0,2,0,0,0,0,0,0,0,0,0,0,0,0,0,0,0,0,0,2"
303,150A109ZF3004,4.0,,机械,3,303,"0,3,0","0,0,0,0,0,0,0,0,0,0,0,0,0,0,0,0,3","0,3,0,0,0,0,0,0,0,0,0,0,0,0,0,0,0,0,0,3"
304,150A109ZF3204,8.0,,机械,3,304,"0,3,0","0,0,0,0,0,0,0,0,0,0,0,0,0,0,0,0,3","0,3,0,0,0,0,0,0,0,0,0,0,0,0,0,0,0,0,0,3"
305,150A109ZF3205,8.0,,机械,4,305,"0,4,0","0,0,0,0,0,0,0,0,0,0,0,0,0,0,0,0,4","0,4,0,0,0,0,0,0,0,0,0,0,0,0,0,0,0,0,0,4"
306,150A109ZF3206,8.0,,机械,5,306,"0,5,0","0,0,0,0,0,0,0,0,0,0,0,0,0,0,0,0,5","0,5,0,0,0,0,0,0,0,0,0,0,0,0,0,0,0,0,0,5"
307,150A109ZF3207,8.0,,机械,5,307,"0,5,0","0,0,0,0,0,0,0,0,0,0,0,0,0,0,0,0,5","0,5,0,0,0,0,0,0,0,0,0,0,0,0,0,0,0,0,0,5"
308,150A109ZF3801,8.0,,结构,6,308,"6,0,0","0,0,0,0,0,0,0,0,0,0,0,0,0,0,0,0,6","6,0,0,0,0,0,0,0,0,0,0,0,0,0,0,0,0,0,0,6"
309,150A109ZF3802,4.0,,结构,4,309,"4,0,0","0,0,0,0,0,0,0,0,0,0,0,0,0,0,0,0,4","4,0,0,0,0,0,0,0,0,0,0,0,0,0,0,0,0,0,0,4"
310,150A109ZF3803,4.0,,结构,4,310,"4,0,0","0,0,0,0,0,0,0,0,0,0,0,0,0,0,0,0,4","4,0,0,0,0,0,0,0,0,0,0,0,0,0,0,0,0,0,0,4"
311,150A109ZP0010,7.0,,结构,5,311,"5,0,0","0,0,0,0,0,0,0,0,0,0,0,0,0,0,0,0,5","5,0,0,0,0,0,0,0,0,0,0,0,0,0,0,0,0,0,0,5"
312,150A109ZZ0010,4.0,,机械,4,312,"0,4,0","0,0,0,0,0,0,0,0,0,0,0,0,0,0,0,0,4","0,4,0,0,0,0,0,0,0,0,0,0,0,0,0,0,0,0,0,4"
313,150A109ZZ0030,8.0,,结构,6,313,"6,0,0","0,0,0,0,0,0,0,0,0,0,0,0,0,0,0,0,6","6,0,0,0,0,0,0,0,0,0,0,0,0,0,0,0,0,0,0,6"
314,150A110ZF3201,1.0,,机械,12,314,"0,12,0","0,0,0,0,0,0,0,0,0,0,0,0,0,0,0,0,12","0,12,0,0,0,0,0,0,0,0,0,0,0,0,0,0,0,0,0,12"
315,150A201ZF3201,2.0,,机械,12,315,"0,12,0","0,0,0,0,0,0,0,0,0,0,0,0,0,0,0,0,12","0,12,0,0,0,0,0,0,0,0,0,0,0,0,0,0,0,0,0,12"
316,150A201ZF3202,1.0,,机械,12,316,"0,12,0","0,0,0,0,0,0,0,0,0,0,0,0,0,0,0,0,12","0,12,0,0,0,0,0,0,0,0,0,0,0,0,0,0,0,0,0,12"
317,150A203BB0010.02,8.0,,结构,4,317,"4,0,0","0,4,0,0,0,0,0,0,0,0,0,0,0,0,0,0,0","4,0,0,0,4,0,0,0,0,0,0,0,0,0,0,0,0,0,0,0"
318,150A203BB0030.01,5.0,,结构,6,318,"6,0,0","0,6,0,0,0,0,0,0,0,0,0,0,0,0,0,0,0","6,0,0,0,6,0,0,0,0,0,0,0,0,0,0,0,0,0,0,0"
319,150A203BB0040,5.0,,结构,4,319,"4,0,0","0,4,0,0,0,0,0,0,0,0,0,0,0,0,0,0,0","4,0,0,0,4,0,0,0,0,0,0,0,0,0,0,0,0,0,0,0"
320,150A203BB0050,5.0,,结构,4,320,"4,0,0","0,4,0,0,0,0,0,0,0,0,0,0,0,0,0,0,0","4,0,0,0,4,0,0,0,0,0,0,0,0,0,0,0,0,0,0,0"
321,150A203BB0080,8.0,,结构,4,321,"4,0,0","0,4,0,0,0,0,0,0,0,0,0,0,0,0,0,0,0","4,0,0,0,4,0,0,0,0,0,0,0,0,0,0,0,0,0,0,0"
322,150A203BB0090,8.0,,结构,4,322,"4,0,0","0,4,0,0,0,0,0,0,0,0,0,0,0,0,0,0,0","4,0,0,0,4,0,0,0,0,0,0,0,0,0,0,0,0,0,0,0"
323,150A203BB0100,8.0,,结构,4,323,"4,0,0","0,4,0,0,0,0,0,0,0,0,0,0,0,0,0,0,0","4,0,0,0,4,0,0,0,0,0,0,0,0,0,0,0,0,0,0,0"
324,150A203BB0110,8.0,,结构,4,324,"4,0,0","0,4,0,0,0,0,0,0,0,0,0,0,0,0,0,0,0","4,0,0,0,4,0,0,0,0,0,0,0,0,0,0,0,0,0,0,0"
325,150A203BB0120,4.0,,结构,3,325,"3,0,0","0,3,0,0,0,0,0,0,0,0,0,0,0,0,0,0,0","3,0,0,0,3,0,0,0,0,0,0,0,0,0,0,0,0,0,0,0"
326,150A203BB0250,8.0,,结构,4,326,"4,0,0","0,4,0,0,0,0,0,0,0,0,0,0,0,0,0,0,0","4,0,0,0,4,0,0,0,0,0,0,0,0,0,0,0,0,0,0,0"
327,150A203BD0010,4.0,,机械,2,327,"0,2,0","0,2,0,0,0,0,0,0,0,0,0,0,0,0,0,0,0","0,2,0,0,2,0,0,0,0,0,0,0,0,0,0,0,0,0,0,0"
328,150A203BD0020,4.0,,机械,6,328,"0,6,0","0,6,0,0,0,0,0,0,0,0,0,0,0,0,0,0,0","0,6,0,0,6,0,0,0,0,0,0,0,0,0,0,0,0,0,0,0"
329,150A203BS0010,4.0,,结构,3,329,"3,0,0","0,3,0,0,0,0,0,0,0,0,0,0,0,0,0,0,0","3,0,0,0,3,0,0,0,0,0,0,0,0,0,0,0,0,0,0,0"
330,150A203BS0030,4.0,,结构,2,330,"2,0,0","0,2,0,0,0,0,0,0,0,0,0,0,0,0,0,0,0","2,0,0,0,2,0,0,0,0,0,0,0,0,0,0,0,0,0,0,0"
331,150A203BS0035,8.0,,结构,4,331,"4,0,0","0,4,0,0,0,0,0,0,0,0,0,0,0,0,0,0,0","4,0,0,0,4,0,0,0,0,0,0,0,0,0,0,0,0,0,0,0"
332,150A203BS0050,4.0,,结构,2,332,"2,0,0","0,2,0,0,0,0,0,0,0,0,0,0,0,0,0,0,0","2,0,0,0,2,0,0,0,0,0,0,0,0,0,0,0,0,0,0,0"
333,150A203BS0060,4.0,,结构,3,333,"3,0,0","0,3,0,0,0,0,0,0,0,0,0,0,0,0,0,0,0","3,0,0,0,3,0,0,0,0,0,0,0,0,0,0,0,0,0,0,0"
334,150A203BS0070,8.0,,结构,4,334,"4,0,0","0,4,0,0,0,0,0,0,0,0,0,0,0,0,0,0,0","4,0,0,0,4,0,0,0,0,0,0,0,0,0,0,0,0,0,0,0"
335,150A203BS0071,8.0,,结构,4,335,"4,0,0","0,4,0,0,0,0,0,0,0,0,0,0,0,0,0,0,0","4,0,0,0,4,0,0,0,0,0,0,0,0,0,0,0,0,0,0,0"
336,150A203BS0072,8.0,,结构,4,336,"4,0,0","0,4,0,0,0,0,0,0,0,0,0,0,0,0,0,0,0","4,0,0,0,4,0,0,0,0,0,0,0,0,0,0,0,0,0,0,0"
337,150A203BS0073,8.0,,结构,4,337,"4,0,0","0,4,0,0,0,0,0,0,0,0,0,0,0,0,0,0,0","4,0,0,0,4,0,0,0,0,0,0,0,0,0,0,0,0,0,0,0"
338,150A203BS0080,8.0,,结构,4,338,"4,0,0","0,4,0,0,0,0,0,0,0,0,0,0,0,0,0,0,0","4,0,0,0,4,0,0,0,0,0,0,0,0,0,0,0,0,0,0,0"
339,150A203BS0090,2.0,,结构,2,339,"2,0,0","0,2,0,0,0,0,0,0,0,0,0,0,0,0,0,0,0","2,0,0,0,2,0,0,0,0,0,0,0,0,0,0,0,0,0,0,0"
340,150A203BS0100,2.0,,结构,2,340,"2,0,0","0,2,0,0,0,0,0,0,0,0,0,0,0,0,0,0,0","2,0,0,0,2,0,0,0,0,0,0,0,0,0,0,0,0,0,0,0"
341,150A203BS0110,2.0,,结构,2,341,"2,0,0","0,2,0,0,0,0,0,0,0,0,0,0,0,0,0,0,0","2,0,0,0,2,0,0,0,0,0,0,0,0,0,0,0,0,0,0,0"
342,150A204CB0010,6.0,,结构,2,342,"2,0,0","0,0,2,0,0,0,0,0,0,0,0,0,0,0,0,0,0","2,0,0,0,0,2,0,0,0,0,0,0,0,0,0,0,0,0,0,0"
343,150A204CB0020,6.0,,结构,2,343,"2,0,0","0,0,2,0,0,0,0,0,0,0,0,0,0,0,0,0,0","2,0,0,0,0,2,0,0,0,0,0,0,0,0,0,0,0,0,0,0"
344,150A204CB0080,4.0,,结构,4,344,"4,0,0","0,0,4,0,0,0,0,0,0,0,0,0,0,0,0,0,0","4,0,0,0,0,4,0,0,0,0,0,0,0,0,0,0,0,0,0,0"
345,150A204CE0010,4.0,,特设,3,345,"0,0,3","0,0,3,0,0,0,0,0,0,0,0,0,0,0,0,0,0","0,0,3,0,0,3,0,0,0,0,0,0,0,0,0,0,0,0,0,0"
346,150A204CE0020,4.0,,特设,2,346,"0,0,2","0,0,2,0,0,0,0,0,0,0,0,0,0,0,0,0,0","0,0,2,0,0,2,0,0,0,0,0,0,0,0,0,0,0,0,0,0"
347,150A204CE0030,4.0,,特设,1,347,"0,0,1","0,0,1,0,0,0,0,0,0,0,0,0,0,0,0,0,0","0,0,1,0,0,1,0,0,0,0,0,0,0,0,0,0,0,0,0,0"
348,150A204CE0040,5.0,,特设,3,348,"0,0,3","0,0,3,0,0,0,0,0,0,0,0,0,0,0,0,0,0","0,0,3,0,0,3,0,0,0,0,0,0,0,0,0,0,0,0,0,0"
349,150A204CE0060,2.5,,特设,2,349,"0,0,2","0,0,2,0,0,0,0,0,0,0,0,0,0,0,0,0,0","0,0,2,0,0,2,0,0,0,0,0,0,0,0,0,0,0,0,0,0"
350,150A204CE0065,2.5,,特设,2,350,"0,0,2","0,0,2,0,0,0,0,0,0,0,0,0,0,0,0,0,0","0,0,2,0,0,2,0,0,0,0,0,0,0,0,0,0,0,0,0,0"
351,150A204CE0070,2.5,,特设,2,351,"0,0,2","0,0,2,0,0,0,0,0,0,0,0,0,0,0,0,0,0","0,0,2,0,0,2,0,0,0,0,0,0,0,0,0,0,0,0,0,0"
352,150A204CE0075,2.5,,特设,2,352,"0,0,2","0,0,2,0,0,0,0,0,0,0,0,0,0,0,0,0,0","0,0,2,0,0,2,0,0,0,0,0,0,0,0,0,0,0,0,0,0"
353,150A204CE0080,2.5,,特设,2,353,"0,0,2","0,0,2,0,0,0,0,0,0,0,0,0,0,0,0,0,0","0,0,2,0,0,2,0,0,0,0,0,0,0,0,0,0,0,0,0,0"
354,150A204CE0085,2.5,,特设,2,354,"0,0,2","0,0,2,0,0,0,0,0,0,0,0,0,0,0,0,0,0","0,0,2,0,0,2,0,0,0,0,0,0,0,0,0,0,0,0,0,0"
355,150A204CE0090,2.0,,特设,2,355,"0,0,2","0,0,2,0,0,0,0,0,0,0,0,0,0,0,0,0,0","0,0,2,0,0,2,0,0,0,0,0,0,0,0,0,0,0,0,0,0"
356,150A204CE0100,2.0,,特设,2,356,"0,0,2","0,0,2,0,0,0,0,0,0,0,0,0,0,0,0,0,0","0,0,2,0,0,2,0,0,0,0,0,0,0,0,0,0,0,0,0,0"
357,150A204CE0110,2.0,,特设,2,357,"0,0,2","0,0,2,0,0,0,0,0,0,0,0,0,0,0,0,0,0","0,0,2,0,0,2,0,0,0,0,0,0,0,0,0,0,0,0,0,0"
358,150A204CE0120,2.0,,特设,2,358,"0,0,2","0,0,2,0,0,0,0,0,0,0,0,0,0,0,0,0,0","0,0,2,0,0,2,0,0,0,0,0,0,0,0,0,0,0,0,0,0"
359,150A204CE0140,3.0,,特设,2,359,"0,0,2","0,0,2,0,0,0,0,0,0,0,0,0,0,0,0,0,0","0,0,2,0,0,2,0,0,0,0,0,0,0,0,0,0,0,0,0,0"
360,150A204CE0150,2.0,,特设,2,360,"0,0,2","0,0,2,0,0,0,0,0,0,0,0,0,0,0,0,0,0","0,0,2,0,0,2,0,0,0,0,0,0,0,0,0,0,0,0,0,0"
361,150A204CE0160,2.0,,特设,2,361,"0,0,2","0,0,2,0,0,0,0,0,0,0,0,0,0,0,0,0,0","0,0,2,0,0,2,0,0,0,0,0,0,0,0,0,0,0,0,0,0"
362,150A204CE0170,2.0,,特设,2,362,"0,0,2","0,0,2,0,0,0,0,0,0,0,0,0,0,0,0,0,0","0,0,2,0,0,2,0,0,0,0,0,0,0,0,0,0,0,0,0,0"
363,150A204CE0190,3.0,,特设,2,363,"0,0,2","0,0,2,0,0,0,0,0,0,0,0,0,0,0,0,0,0","0,0,2,0,0,2,0,0,0,0,0,0,0,0,0,0,0,0,0,0"
364,150A204CE0200,3.0,,特设,2,364,"0,0,2","0,0,2,0,0,0,0,0,0,0,0,0,0,0,0,0,0","0,0,2,0,0,2,0,0,0,0,0,0,0,0,0,0,0,0,0,0"
365,150A204CE0210,2.0,,特设,2,365,"0,0,2","0,0,2,0,0,0,0,0,0,0,0,0,0,0,0,0,0","0,0,2,0,0,2,0,0,0,0,0,0,0,0,0,0,0,0,0,0"
366,150A204CE0220,2.0,,特设,2,366,"0,0,2","0,0,2,0,0,0,0,0,0,0,0,0,0,0,0,0,0","0,0,2,0,0,2,0,0,0,0,0,0,0,0,0,0,0,0,0,0"
367,150A204CE0230,2.0,,特设,2,367,"0,0,2","0,0,2,0,0,0,0,0,0,0,0,0,0,0,0,0,0","0,0,2,0,0,2,0,0,0,0,0,0,0,0,0,0,0,0,0,0"
368,150A204CE0271,2.0,,特设,2,368,"0,0,2","0,0,2,0,0,0,0,0,0,0,0,0,0,0,0,0,0","0,0,2,0,0,2,0,0,0,0,0,0,0,0,0,0,0,0,0,0"
369,150A204CE0280,2.0,,特设,2,369,"0,0,2","0,0,2,0,0,0,0,0,0,0,0,0,0,0,0,0,0","0,0,2,0,0,2,0,0,0,0,0,0,0,0,0,0,0,0,0,0"
370,150A204CE0310,2.0,,特设,2,370,"0,0,2","0,0,2,0,0,0,0,0,0,0,0,0,0,0,0,0,0","0,0,2,0,0,2,0,0,0,0,0,0,0,0,0,0,0,0,0,0"
371,150A204CE0330,4.0,,特设,4,371,"0,0,4","0,0,4,0,0,0,0,0,0,0,0,0,0,0,0,0,0","0,0,4,0,0,4,0,0,0,0,0,0,0,0,0,0,0,0,0,0"
372,150A204CE0340,2.0,,特设,2,372,"0,0,2","0,0,2,0,0,0,0,0,0,0,0,0,0,0,0,0,0","0,0,2,0,0,2,0,0,0,0,0,0,0,0,0,0,0,0,0,0"
373,150A204CE0350,2.0,,特设,2,373,"0,0,2","0,0,2,0,0,0,0,0,0,0,0,0,0,0,0,0,0","0,0,2,0,0,2,0,0,0,0,0,0,0,0,0,0,0,0,0,0"
374,150A204CE0360,2.0,,特设,2,374,"0,0,2","0,0,2,0,0,0,0,0,0,0,0,0,0,0,0,0,0","0,0,2,0,0,2,0,0,0,0,0,0,0,0,0,0,0,0,0,0"
375,150A204CE0370,2.0,,特设,2,375,"0,0,2","0,0,2,0,0,0,0,0,0,0,0,0,0,0,0,0,0","0,0,2,0,0,2,0,0,0,0,0,0,0,0,0,0,0,0,0,0"
376,150A204CE0390,4.0,,特设,2,376,"0,0,2","0,0,2,0,0,0,0,0,0,0,0,0,0,0,0,0,0","0,0,2,0,0,2,0,0,0,0,0,0,0,0,0,0,0,0,0,0"
377,150A204CE0400.01,4.0,,特设,2,377,"0,0,2","0,0,2,0,0,0,0,0,0,0,0,0,0,0,0,0,0","0,0,2,0,0,2,0,0,0,0,0,0,0,0,0,0,0,0,0,0"
378,150A204CE1604,3.0,,特设,2,378,"0,0,2","0,0,2,0,0,0,0,0,0,0,0,0,0,0,0,0,0","0,0,2,0,0,2,0,0,0,0,0,0,0,0,0,0,0,0,0,0"
379,150A204CE2850,4.0,,特设,2,379,"0,0,2","0,0,2,0,0,0,0,0,0,0,0,0,0,0,0,0,0","0,0,2,0,0,2,0,0,0,0,0,0,0,0,0,0,0,0,0,0"
380,150A204CE3400,3.0,,特设,3,380,"0,0,3","0,0,3,0,0,0,0,0,0,0,0,0,0,0,0,0,0","0,0,3,0,0,3,0,0,0,0,0,0,0,0,0,0,0,0,0,0"
381,150A204CE3476,2.0,,特设,2,381,"0,0,2","0,0,2,0,0,0,0,0,0,0,0,0,0,0,0,0,0","0,0,2,0,0,2,0,0,0,0,0,0,0,0,0,0,0,0,0,0"
382,150A204CE3477,2.0,,特设,2,382,"0,0,2","0,0,2,0,0,0,0,0,0,0,0,0,0,0,0,0,0","0,0,2,0,0,2,0,0,0,0,0,0,0,0,0,0,0,0,0,0"
383,150A204CE5203,4.0,,特设,2,383,"0,0,2","0,0,2,0,0,0,0,0,0,0,0,0,0,0,0,0,0","0,0,2,0,0,2,0,0,0,0,0,0,0,0,0,0,0,0,0,0"
384,150A204CK0010,6.0,,机械,2,384,"0,2,0","0,0,2,0,0,0,0,0,0,0,0,0,0,0,0,0,0","0,2,0,0,0,2,0,0,0,0,0,0,0,0,0,0,0,0,0,0"
385,150A204CK0060,4.0,,机械,6,385,"0,6,0","0,0,6,0,0,0,0,0,0,0,0,0,0,0,0,0,0","0,6,0,0,0,6,0,0,0,0,0,0,0,0,0,0,0,0,0,0"
386,150A204CS0010,5.0,,结构,2,386,"2,0,0","0,0,2,0,0,0,0,0,0,0,0,0,0,0,0,0,0","2,0,0,0,0,2,0,0,0,0,0,0,0,0,0,0,0,0,0,0"
387,150A204CS0020,4.0,,结构,5,387,"5,0,0","0,0,5,0,0,0,0,0,0,0,0,0,0,0,0,0,0","5,0,0,0,0,5,0,0,0,0,0,0,0,0,0,0,0,0,0,0"
388,150A204CS0030,4.0,,结构,4,388,"4,0,0","0,0,4,0,0,0,0,0,0,0,0,0,0,0,0,0,0","4,0,0,0,0,4,0,0,0,0,0,0,0,0,0,0,0,0,0,0"
389,150A204CS0040,4.0,,结构,5,389,"5,0,0","0,0,5,0,0,0,0,0,0,0,0,0,0,0,0,0,0","5,0,0,0,0,5,0,0,0,0,0,0,0,0,0,0,0,0,0,0"
390,150A204CW0010,5.0,,特设,6,390,"0,0,6","0,0,6,0,0,0,0,0,0,0,0,0,0,0,0,0,0","0,0,6,0,0,6,0,0,0,0,0,0,0,0,0,0,0,0,0,0"
391,150A204CW0020,4.0,,特设,3,391,"0,0,3","0,0,3,0,0,0,0,0,0,0,0,0,0,0,0,0,0","0,0,3,0,0,3,0,0,0,0,0,0,0,0,0,0,0,0,0,0"
392,150A204CW0030,4.0,,特设,3,392,"0,0,3","0,0,3,0,0,0,0,0,0,0,0,0,0,0,0,0,0","0,0,3,0,0,3,0,0,0,0,0,0,0,0,0,0,0,0,0,0"
393,150A204CW0040,4.0,,特设,2,393,"0,0,2","0,0,2,0,0,0,0,0,0,0,0,0,0,0,0,0,0","0,0,2,0,0,2,0,0,0,0,0,0,0,0,0,0,0,0,0,0"
394,150A204CW0050,4.0,,特设,2,394,"0,0,2","0,0,2,0,0,0,0,0,0,0,0,0,0,0,0,0,0","0,0,2,0,0,2,0,0,0,0,0,0,0,0,0,0,0,0,0,0"
395,150A204CW0060,3.0,,特设,2,395,"0,0,2","0,0,2,0,0,0,0,0,0,0,0,0,0,0,0,0,0","0,0,2,0,0,2,0,0,0,0,0,0,0,0,0,0,0,0,0,0"
396,150A204CW0070,3.0,,特设,2,396,"0,0,2","0,0,2,0,0,0,0,0,0,0,0,0,0,0,0,0,0","0,0,2,0,0,2,0,0,0,0,0,0,0,0,0,0,0,0,0,0"
397,150A204CW0080,5.0,,特设,4,397,"0,0,4","0,0,4,0,0,0,0,0,0,0,0,0,0,0,0,0,0","0,0,4,0,0,4,0,0,0,0,0,0,0,0,0,0,0,0,0,0"
398,150A204CW0090,5.0,,特设,2,398,"0,0,2","0,0,2,0,0,0,0,0,0,0,0,0,0,0,0,0,0","0,0,2,0,0,2,0,0,0,0,0,0,0,0,0,0,0,0,0,0"
399,150A204CW0150,5.0,,特设,3,399,"0,0,3","0,0,3,0,0,0,0,0,0,0,0,0,0,0,0,0,0","0,0,3,0,0,3,0,0,0,0,0,0,0,0,0,0,0,0,0,0"
400,150A204CW0160,6.0,,特设,3,400,"0,0,3","0,0,3,0,0,0,0,0,0,0,0,0,0,0,0,0,0","0,0,3,0,0,3,0,0,0,0,0,0,0,0,0,0,0,0,0,0"
401,150A204CW0170,6.0,,特设,3,401,"0,0,3","0,0,3,0,0,0,0,0,0,0,0,0,0,0,0,0,0","0,0,3,0,0,3,0,0,0,0,0,0,0,0,0,0,0,0,0,0"
402,150A204CW0180,6.0,,特设,3,402,"0,0,3","0,0,3,0,0,0,0,0,0,0,0,0,0,0,0,0,0","0,0,3,0,0,3,0,0,0,0,0,0,0,0,0,0,0,0,0,0"
403,150A204CW0240,5.0,,特设,2,403,"0,0,2","0,0,2,0,0,0,0,0,0,0,0,0,0,0,0,0,0","0,0,2,0,0,2,0,0,0,0,0,0,0,0,0,0,0,0,0,0"
404,150A204CW0250,5.0,,特设,2,404,"0,0,2","0,0,2,0,0,0,0,0,0,0,0,0,0,0,0,0,0","0,0,2,0,0,2,0,0,0,0,0,0,0,0,0,0,0,0,0,0"
405,150A204CW0260,5.0,,特设,2,405,"0,0,2","0,0,2,0,0,0,0,0,0,0,0,0,0,0,0,0,0","0,0,2,0,0,2,0,0,0,0,0,0,0,0,0,0,0,0,0,0"
406,150A205DA0010,1.0,,结构,2,406,"2,0,0","0,0,0,2,0,0,0,0,0,0,0,0,0,0,0,0,0","2,0,0,0,0,0,2,0,0,0,0,0,0,0,0,0,0,0,0,0"
407,150A205DA0030,3.0,,特设,2,407,"0,0,2","0,0,0,2,0,0,0,0,0,0,0,0,0,0,0,0,0","0,0,2,0,0,0,2,0,0,0,0,0,0,0,0,0,0,0,0,0"
408,150A205DA0040,2.0,,结构,1,408,"1,0,0","0,0,0,1,0,0,0,0,0,0,0,0,0,0,0,0,0","1,0,0,0,0,0,1,0,0,0,0,0,0,0,0,0,0,0,0,0"
409,150A205DA0060,2.0,,特设,2,409,"0,0,2","0,0,0,2,0,0,0,0,0,0,0,0,0,0,0,0,0","0,0,2,0,0,0,2,0,0,0,0,0,0,0,0,0,0,0,0,0"
410,150A205DA0070,3.0,,特设,2,410,"0,0,2","0,0,0,2,0,0,0,0,0,0,0,0,0,0,0,0,0","0,0,2,0,0,0,2,0,0,0,0,0,0,0,0,0,0,0,0,0"
411,150A205DB0010,2.0,,机械,2,411,"0,2,0","0,0,0,2,0,0,0,0,0,0,0,0,0,0,0,0,0","0,2,0,0,0,0,2,0,0,0,0,0,0,0,0,0,0,0,0,0"
412,150A205DB0020,6.0,,机械,6,412,"0,6,0","0,0,0,6,0,0,0,0,0,0,0,0,0,0,0,0,0","0,6,0,0,0,0,6,0,0,0,0,0,0,0,0,0,0,0,0,0"
413,150A205DB0030,6.0,,机械,3,413,"0,3,0","0,0,0,3,0,0,0,0,0,0,0,0,0,0,0,0,0","0,3,0,0,0,0,3,0,0,0,0,0,0,0,0,0,0,0,0,0"
414,150A205DB0040,3.0,,机械,2,414,"0,2,0","0,0,0,2,0,0,0,0,0,0,0,0,0,0,0,0,0","0,2,0,0,0,0,2,0,0,0,0,0,0,0,0,0,0,0,0,0"
415,150A205DB0050,2.0,,机械,2,415,"0,2,0","0,0,0,2,0,0,0,0,0,0,0,0,0,0,0,0,0","0,2,0,0,0,0,2,0,0,0,0,0,0,0,0,0,0,0,0,0"
416,150A205DB0060,4.0,,机械,3,416,"0,3,0","0,0,0,3,0,0,0,0,0,0,0,0,0,0,0,0,0","0,3,0,0,0,0,3,0,0,0,0,0,0,0,0,0,0,0,0,0"
417,150A205DB0070,1.0,,机械,2,417,"0,2,0","0,0,0,2,0,0,0,0,0,0,0,0,0,0,0,0,0","0,2,0,0,0,0,2,0,0,0,0,0,0,0,0,0,0,0,0,0"
418,150A205DB0080,6.0,,机械,2,418,"0,2,0","0,0,0,2,0,0,0,0,0,0,0,0,0,0,0,0,0","0,2,0,0,0,0,2,0,0,0,0,0,0,0,0,0,0,0,0,0"
419,150A205DB0090,2.0,,机械,1,419,"0,1,0","0,0,0,1,0,0,0,0,0,0,0,0,0,0,0,0,0","0,1,0,0,0,0,1,0,0,0,0,0,0,0,0,0,0,0,0,0"
420,150A205DB0100,6.0,,机械,4,420,"0,4,0","0,0,0,4,0,0,0,0,0,0,0,0,0,0,0,0,0","0,4,0,0,0,0,4,0,0,0,0,0,0,0,0,0,0,0,0,0"
421,150A205DB0110,6.0,,机械,2,421,"0,2,0","0,0,0,2,0,0,0,0,0,0,0,0,0,0,0,0,0","0,2,0,0,0,0,2,0,0,0,0,0,0,0,0,0,0,0,0,0"
422,150A205DB0230,6.0,,机械,2,422,"0,2,0","0,0,0,2,0,0,0,0,0,0,0,0,0,0,0,0,0","0,2,0,0,0,0,2,0,0,0,0,0,0,0,0,0,0,0,0,0"
423,150A205DE0010,4.0,,特设,1,423,"0,0,1","0,0,0,1,0,0,0,0,0,0,0,0,0,0,0,0,0","0,0,1,0,0,0,1,0,0,0,0,0,0,0,0,0,0,0,0,0"
424,150A205DE0020,4.0,,特设,1,424,"0,0,1","0,0,0,1,0,0,0,0,0,0,0,0,0,0,0,0,0","0,0,1,0,0,0,1,0,0,0,0,0,0,0,0,0,0,0,0,0"
425,150A205DE0030,4.0,,特设,2,425,"0,0,2","0,0,0,2,0,0,0,0,0,0,0,0,0,0,0,0,0","0,0,2,0,0,0,2,0,0,0,0,0,0,0,0,0,0,0,0,0"
426,150A205DE0040,2.0,,特设,3,426,"0,0,3","0,0,0,3,0,0,0,0,0,0,0,0,0,0,0,0,0","0,0,3,0,0,0,3,0,0,0,0,0,0,0,0,0,0,0,0,0"
427,150A205DE0050,4.0,,特设,2,427,"0,0,2","0,0,0,2,0,0,0,0,0,0,0,0,0,0,0,0,0","0,0,2,0,0,0,2,0,0,0,0,0,0,0,0,0,0,0,0,0"
428,150A205DE0060,4.0,,特设,2,428,"0,0,2","0,0,0,2,0,0,0,0,0,0,0,0,0,0,0,0,0","0,0,2,0,0,0,2,0,0,0,0,0,0,0,0,0,0,0,0,0"
429,150A205DE0090,5.0,,特设,2,429,"0,0,2","0,0,0,2,0,0,0,0,0,0,0,0,0,0,0,0,0","0,0,2,0,0,0,2,0,0,0,0,0,0,0,0,0,0,0,0,0"
430,150A205DE0095,5.0,,特设,2,430,"0,0,2","0,0,0,2,0,0,0,0,0,0,0,0,0,0,0,0,0","0,0,2,0,0,0,2,0,0,0,0,0,0,0,0,0,0,0,0,0"
431,150A205DE0120,2.0,,特设,3,431,"0,0,3","0,0,0,3,0,0,0,0,0,0,0,0,0,0,0,0,0","0,0,3,0,0,0,3,0,0,0,0,0,0,0,0,0,0,0,0,0"
432,150A205DE0140,3.0,,特设,3,432,"0,0,3","0,0,0,3,0,0,0,0,0,0,0,0,0,0,0,0,0","0,0,3,0,0,0,3,0,0,0,0,0,0,0,0,0,0,0,0,0"
433,150A205DE0150,4.0,,特设,4,433,"0,0,4","0,0,0,4,0,0,0,0,0,0,0,0,0,0,0,0,0","0,0,4,0,0,0,4,0,0,0,0,0,0,0,0,0,0,0,0,0"
434,150A205DE0170,2.0,,特设,2,434,"0,0,2","0,0,0,2,0,0,0,0,0,0,0,0,0,0,0,0,0","0,0,2,0,0,0,2,0,0,0,0,0,0,0,0,0,0,0,0,0"
435,150A205DE0180,2.0,,特设,3,435,"0,0,3","0,0,0,3,0,0,0,0,0,0,0,0,0,0,0,0,0","0,0,3,0,0,0,3,0,0,0,0,0,0,0,0,0,0,0,0,0"
436,150A205DE0190,2.0,,特设,3,436,"0,0,3","0,0,0,3,0,0,0,0,0,0,0,0,0,0,0,0,0","0,0,3,0,0,0,3,0,0,0,0,0,0,0,0,0,0,0,0,0"
437,150A205DE0210,2.0,,特设,3,437,"0,0,3","0,0,0,3,0,0,0,0,0,0,0,0,0,0,0,0,0","0,0,3,0,0,0,3,0,0,0,0,0,0,0,0,0,0,0,0,0"
438,150A205DE0220,2.0,,特设,2,438,"0,0,2","0,0,0,2,0,0,0,0,0,0,0,0,0,0,0,0,0","0,0,2,0,0,0,2,0,0,0,0,0,0,0,0,0,0,0,0,0"
439,150A205DE0230,3.0,,特设,3,439,"0,0,3","0,0,0,3,0,0,0,0,0,0,0,0,0,0,0,0,0","0,0,3,0,0,0,3,0,0,0,0,0,0,0,0,0,0,0,0,0"
440,150A205DE0240,2.0,,特设,3,440,"0,0,3","0,0,0,3,0,0,0,0,0,0,0,0,0,0,0,0,0","0,0,3,0,0,0,3,0,0,0,0,0,0,0,0,0,0,0,0,0"
441,150A205DE0260,2.0,,特设,4,441,"0,0,4","0,0,0,4,0,0,0,0,0,0,0,0,0,0,0,0,0","0,0,4,0,0,0,4,0,0,0,0,0,0,0,0,0,0,0,0,0"
442,150A205DE0270,3.0,,特设,3,442,"0,0,3","0,0,0,3,0,0,0,0,0,0,0,0,0,0,0,0,0","0,0,3,0,0,0,3,0,0,0,0,0,0,0,0,0,0,0,0,0"
443,150A205DE0420,2.0,,特设,4,443,"0,0,4","0,0,0,4,0,0,0,0,0,0,0,0,0,0,0,0,0","0,0,4,0,0,0,4,0,0,0,0,0,0,0,0,0,0,0,0,0"
444,150A205DS0020,6.0,,机械,2,444,"0,2,0","0,0,0,2,0,0,0,0,0,0,0,0,0,0,0,0,0","0,2,0,0,0,0,2,0,0,0,0,0,0,0,0,0,0,0,0,0"
445,150A205DT0010,4.0,,机械,4,445,"0,4,0","0,0,0,4,0,0,0,0,0,0,0,0,0,0,0,0,0","0,4,0,0,0,0,4,0,0,0,0,0,0,0,0,0,0,0,0,0"
446,150A205DT0030,4.0,,机械,4,446,"0,4,0","0,0,0,4,0,0,0,0,0,0,0,0,0,0,0,0,0","0,4,0,0,0,0,4,0,0,0,0,0,0,0,0,0,0,0,0,0"
447,150A205DT0040,4.0,,机械,4,447,"0,4,0","0,0,0,4,0,0,0,0,0,0,0,0,0,0,0,0,0","0,4,0,0,0,0,4,0,0,0,0,0,0,0,0,0,0,0,0,0"
448,150A205DT0050,4.0,,机械,4,448,"0,4,0","0,0,0,4,0,0,0,0,0,0,0,0,0,0,0,0,0","0,4,0,0,0,0,4,0,0,0,0,0,0,0,0,0,0,0,0,0"
449,150A205DT0070,4.0,,机械,4,449,"0,4,0","0,0,0,4,0,0,0,0,0,0,0,0,0,0,0,0,0","0,4,0,0,0,0,4,0,0,0,0,0,0,0,0,0,0,0,0,0"
450,150A205DT0080,4.0,,机械,4,450,"0,4,0","0,0,0,4,0,0,0,0,0,0,0,0,0,0,0,0,0","0,4,0,0,0,0,4,0,0,0,0,0,0,0,0,0,0,0,0,0"
451,150A205DW0020,4.0,,特设,2,451,"0,0,2","0,0,0,2,0,0,0,0,0,0,0,0,0,0,0,0,0","0,0,2,0,0,0,2,0,0,0,0,0,0,0,0,0,0,0,0,0"
452,150A205DW0070,2.0,,特设,4,452,"0,0,4","0,0,0,4,0,0,0,0,0,0,0,0,0,0,0,0,0","0,0,4,0,0,0,4,0,0,0,0,0,0,0,0,0,0,0,0,0"
453,150A205DW0080,2.0,,特设,4,453,"0,0,4","0,0,0,4,0,0,0,0,0,0,0,0,0,0,0,0,0","0,0,4,0,0,0,4,0,0,0,0,0,0,0,0,0,0,0,0,0"
454,150A205DW0100,4.0,,特设,2,454,"0,0,2","0,0,0,2,0,0,0,0,0,0,0,0,0,0,0,0,0","0,0,2,0,0,0,2,0,0,0,0,0,0,0,0,0,0,0,0,0"
455,150A205LD0010,2.0,,机械,2,455,"0,2,0","0,0,0,0,0,0,0,0,0,0,2,0,0,0,0,0,0","0,2,0,0,0,0,0,0,0,0,0,0,0,2,0,0,0,0,0,0"
456,150A205LD0020,3.0,,机械,2,456,"0,2,0","0,0,0,0,0,0,0,0,0,0,2,0,0,0,0,0,0","0,2,0,0,0,0,0,0,0,0,0,0,0,2,0,0,0,0,0,0"
457,150A205LD0040,4.0,,机械,6,457,"0,6,0","0,0,0,0,0,0,0,0,0,0,6,0,0,0,0,0,0","0,6,0,0,0,0,0,0,0,0,0,0,0,6,0,0,0,0,0,0"
458,150A205LD0050,2.0,,机械,2,458,"0,2,0","0,0,0,0,0,0,0,0,0,0,2,0,0,0,0,0,0","0,2,0,0,0,0,0,0,0,0,0,0,0,2,0,0,0,0,0,0"
459,150A210ZF3201,1.5,,机械,12,459,"0,12,0","0,0,0,0,0,0,0,0,0,0,0,0,0,0,0,0,12","0,12,0,0,0,0,0,0,0,0,0,0,0,0,0,0,0,0,0,12"
